time_s,dt_s,lateral_error,forward_error
1768670526.119913,0.0,11.0,0.5
1768670526.1735032,0.05359005928039551,12.0,0.5
1768670526.1740084,0.0005052089691162109,12.0,0.5
1768670526.2073119,0.03330349922180176,12.0,0.49000000953674316
1768670526.2098696,0.0025577545166015625,12.0,0.49000000953674316
1768670526.250399,0.040529489517211914,12.0,0.47999998927116394
1768670526.251237,0.0008378028869628906,11.0,0.47999998927116394
1768670526.3085418,0.05730485916137695,11.0,0.46000000834465027
1768670526.3095145,0.000972747802734375,11.0,0.46000000834465027
1768670526.3632443,0.05372977256774902,11.0,0.46000000834465027
1768670526.364157,0.0009126663208007812,11.0,0.46000000834465027
1768670526.38963,0.02547311782836914,11.0,0.46000000834465027
1768670526.3912034,0.001573324203491211,11.0,0.46000000834465027
1768670526.4269512,0.03574776649475098,11.0,0.46000000834465027
1768670526.4314592,0.004508018493652344,11.0,0.46000000834465027
1768670526.5195062,0.08804702758789062,11.0,0.46000000834465027
1768670526.5204666,0.0009603500366210938,11.0,0.46000000834465027
1768670526.5708346,0.05036807060241699,11.0,0.46000000834465027
1768670526.575331,0.004496335983276367,9.0,0.46000000834465027
1768670526.6299922,0.05466127395629883,9.0,0.4699999988079071
1768670526.6312976,0.0013053417205810547,9.0,0.4699999988079071
1768670526.7070763,0.07577872276306152,9.0,0.46000000834465027
1768670526.7079327,0.0008563995361328125,9.0,0.46000000834465027
1768670526.748253,0.040320396423339844,9.0,0.46000000834465027
1768670526.7500489,0.0017957687377929688,9.0,0.46000000834465027
1768670526.8082151,0.0581662654876709,9.0,0.4699999988079071
1768670526.8183963,0.010181188583374023,9.0,0.4699999988079071
1768670526.8952417,0.07684540748596191,9.0,0.4699999988079071
1768670526.896609,0.001367330551147461,9.0,0.4699999988079071
1768670526.9459693,0.04936027526855469,9.0,0.4699999988079071
1768670526.9525545,0.006585121154785156,9.0,0.4699999988079071
1768670527.0456645,0.0931100845336914,9.0,0.4699999988079071
1768670527.046241,0.0005764961242675781,9.0,0.4699999988079071
1768670527.1005642,0.05432319641113281,9.0,0.4699999988079071
1768670527.1016135,0.0010492801666259766,9.0,0.4699999988079071
1768670527.1427855,0.041172027587890625,9.0,0.4699999988079071
1768670527.1439214,0.0011358261108398438,9.0,0.4699999988079071
1768670527.1819239,0.03800249099731445,9.0,0.4699999988079071
1768670527.1827822,0.000858306884765625,9.0,0.4699999988079071
1768670527.25944,0.07665777206420898,9.0,0.4699999988079071
1768670527.260325,0.000885009765625,9.0,0.4699999988079071
1768670527.2922194,0.03189444541931152,9.0,0.4699999988079071
1768670527.293081,0.0008616447448730469,9.0,0.4699999988079071
1768670527.3105786,0.017497539520263672,9.0,0.4699999988079071
1768670527.3119164,0.0013377666473388672,9.0,0.4699999988079071
1768670527.3537662,0.04184985160827637,9.0,0.4699999988079071
1768670527.355366,0.0015997886657714844,9.0,0.4699999988079071
1768670527.3820972,0.026731252670288086,9.0,0.4699999988079071
1768670527.383032,0.0009348392486572266,9.0,0.4699999988079071
1768670527.4266658,0.04363369941711426,9.0,0.4699999988079071
1768670527.4277823,0.0011165142059326172,9.0,0.4699999988079071
1768670527.4541507,0.026368379592895508,9.0,0.4699999988079071
1768670527.4546828,0.0005321502685546875,9.0,0.4699999988079071
1768670527.4988286,0.044145822525024414,9.0,0.4399999976158142
1768670527.4997084,0.0008797645568847656,9.0,0.4399999976158142
1768670527.5308254,0.031116962432861328,9.0,0.4399999976158142
1768670527.5380988,0.007273435592651367,9.0,0.4399999976158142
1768670527.608468,0.07036924362182617,9.0,0.44999998807907104
1768670527.6127403,0.0042722225189208984,9.0,0.44999998807907104
1768670527.699549,0.08680868148803711,9.0,0.46000000834465027
1768670527.7088501,0.009301185607910156,8.0,0.46000000834465027
1768670527.792799,0.08394885063171387,8.0,0.4699999988079071
1768670527.807861,0.015062093734741211,8.0,0.4699999988079071
1768670527.8148448,0.006983757019042969,9.0,0.4699999988079071
1768670527.815345,0.0005002021789550781,9.0,0.46000000834465027
1768670527.8450255,0.029680490493774414,9.0,0.46000000834465027
1768670527.8455741,0.0005486011505126953,9.0,0.4699999988079071
1768670527.8986537,0.05307960510253906,9.0,0.4699999988079071
1768670527.8991368,0.0004830360412597656,9.0,0.46000000834465027
1768670527.9375916,0.03845477104187012,9.0,0.46000000834465027
1768670527.9419281,0.00433659553527832,9.0,0.46000000834465027
1768670527.9850397,0.043111562728881836,9.0,0.46000000834465027
1768670527.9866958,0.0016560554504394531,9.0,0.46000000834465027
1768670528.0416095,0.05491375923156738,9.0,0.46000000834465027
1768670528.0425088,0.0008993148803710938,9.0,0.46000000834465027
1768670528.1002328,0.0577239990234375,9.0,0.46000000834465027
1768670528.1084523,0.008219480514526367,9.0,0.46000000834465027
1768670528.184385,0.07593274116516113,9.0,0.46000000834465027
1768670528.1857562,0.001371145248413086,9.0,0.46000000834465027
1768670528.2602985,0.07454228401184082,9.0,0.46000000834465027
1768670528.2614427,0.0011441707611083984,9.0,0.46000000834465027
1768670528.2925954,0.031152725219726562,9.0,0.4699999988079071
1768670528.2952597,0.002664327621459961,9.0,0.4699999988079071
1768670528.347965,0.05270528793334961,9.0,0.46000000834465027
1768670528.349948,0.0019829273223876953,9.0,0.46000000834465027
1768670528.4183333,0.06838536262512207,9.0,0.46000000834465027
1768670528.419317,0.0009837150573730469,9.0,0.46000000834465027
1768670528.481315,0.06199789047241211,9.0,0.46000000834465027
1768670528.628683,0.1473681926727295,9.0,0.46000000834465027
1768670528.6292157,0.0005326271057128906,9.0,0.46000000834465027
1768670528.6298704,0.0006546974182128906,9.0,0.46000000834465027
1768670528.6301782,0.0003077983856201172,9.0,0.46000000834465027
1768670528.630732,0.0005538463592529297,9.0,0.46000000834465027
1768670528.6320906,0.0013585090637207031,9.0,0.46000000834465027
1768670528.6329577,0.0008671283721923828,9.0,0.46000000834465027
1768670528.6605735,0.027615785598754883,9.0,0.44999998807907104
1768670528.6637452,0.003171682357788086,9.0,0.44999998807907104
1768670528.7304833,0.06673812866210938,9.0,0.44999998807907104
1768670528.731057,0.0005736351013183594,9.0,0.4699999988079071
1768670528.7576537,0.026596784591674805,9.0,0.4699999988079071
1768670528.759014,0.001360177993774414,9.0,0.4699999988079071
1768670528.7884293,0.029415369033813477,9.0,0.46000000834465027
1768670528.7974052,0.008975982666015625,9.0,0.46000000834465027
1768670528.8529592,0.05555391311645508,9.0,0.46000000834465027
1768670528.8582876,0.00532841682434082,9.0,0.46000000834465027
1768670528.9350934,0.07680583000183105,9.0,0.46000000834465027
1768670528.9365902,0.0014967918395996094,9.0,0.46000000834465027
1768670529.0025585,0.06596827507019043,9.0,0.46000000834465027
1768670529.0073097,0.0047512054443359375,9.0,0.46000000834465027
1768670529.0485196,0.04120993614196777,9.0,0.4699999988079071
1768670529.0508301,0.002310514450073242,9.0,0.4699999988079071
1768670529.1314695,0.08063936233520508,9.0,0.4699999988079071
1768670529.1416907,0.010221242904663086,9.0,0.4699999988079071
1768670529.204699,0.06300830841064453,9.0,0.47999998927116394
1768670529.2160783,0.011379241943359375,9.0,0.47999998927116394
1768670529.2553296,0.03925132751464844,9.0,0.4699999988079071
1768670529.256422,0.0010924339294433594,9.0,0.4699999988079071
1768670529.3526387,0.09621667861938477,8.0,0.4699999988079071
1768670529.3532093,0.0005705356597900391,8.0,0.46000000834465027
1768670529.4207203,0.06751108169555664,8.0,0.4399999976158142
1768670529.4225948,0.0018744468688964844,8.0,0.4399999976158142
1768670529.464687,0.042092323303222656,8.0,0.5400000214576721
1768670529.4705791,0.005892038345336914,7.0,0.5400000214576721
1768670529.4870012,0.016422033309936523,7.0,0.5400000214576721
1768670529.4883308,0.001329660415649414,7.0,0.5400000214576721
1768670529.5510097,0.06267881393432617,7.0,0.550000011920929
1768670529.5527437,0.001734018325805664,7.0,0.550000011920929
1768670529.597905,0.04516124725341797,7.0,0.41999998688697815
1768670529.6055822,0.007677316665649414,5.0,0.41999998688697815
1768670529.614633,0.009050846099853516,5.0,0.41999998688697815
1768670529.6163275,0.0016944408416748047,5.0,0.41999998688697815
1768670529.6473205,0.030992984771728516,5.0,0.4000000059604645
1768670529.6545172,0.007196664810180664,4.0,0.4000000059604645
1768670529.6964948,0.041977643966674805,4.0,0.4000000059604645
1768670529.698572,0.0020771026611328125,4.0,0.4000000059604645
1768670529.7857902,0.0872182846069336,4.0,0.4000000059604645
1768670529.7871253,0.00133514404296875,4.0,0.4000000059604645
1768670529.8763833,0.08925795555114746,4.0,0.4000000059604645
1768670529.8779197,0.0015363693237304688,3.0,0.4000000059604645
1768670529.9795907,0.10167098045349121,3.0,0.38999998569488525
1768670529.9808872,0.0012965202331542969,2.0,0.38999998569488525
1768670530.0336955,0.052808284759521484,2.0,0.3799999952316284
1768670530.038357,0.00466156005859375,2.0,0.3799999952316284
1768670530.0847325,0.04637551307678223,2.0,0.33000001311302185
1768670530.0861282,0.0013957023620605469,-1.0,0.33000001311302185
1768670530.1314812,0.045352935791015625,-1.0,0.33000001311302185
1768670530.1328564,0.0013751983642578125,-1.0,0.33000001311302185
1768670530.214311,0.08145451545715332,-1.0,0.3100000023841858
1768670530.2159014,0.0015904903411865234,-4.0,0.3100000023841858
1768670530.2788942,0.06299281120300293,-4.0,0.30000001192092896
1768670530.2860641,0.007169961929321289,-2.0,0.30000001192092896
1768670530.3394911,0.05342698097229004,-2.0,0.30000001192092896
1768670530.3407366,0.0012454986572265625,-2.0,0.30000001192092896
1768670530.4162166,0.07547998428344727,-2.0,0.30000001192092896
1768670530.4176316,0.0014150142669677734,-2.0,0.30000001192092896
1768670530.4512913,0.03365969657897949,-2.0,0.28999999165534973
1768670530.4525356,0.0012443065643310547,-3.0,0.28999999165534973
1768670530.4800112,0.027475595474243164,-3.0,0.3100000023841858
1768670530.4813776,0.0013663768768310547,-3.0,0.3100000023841858
1768670530.5343359,0.05295825004577637,-3.0,0.30000001192092896
1768670530.5370958,0.0027599334716796875,-5.0,0.30000001192092896
1768670530.5606835,0.023587703704833984,-5.0,0.3100000023841858
1768670530.5690029,0.008319377899169922,-5.0,0.3100000023841858
1768670530.6284904,0.05948758125305176,-5.0,0.3100000023841858
1768670530.6299584,0.0014679431915283203,-5.0,0.3100000023841858
1768670530.687374,0.05741572380065918,-5.0,0.30000001192092896
1768670530.6889737,0.0015995502471923828,-5.0,0.30000001192092896
1768670530.7195497,0.030575990676879883,-5.0,0.30000001192092896
1768670530.733202,0.013652324676513672,-5.0,0.30000001192092896
1768670530.7797506,0.04654860496520996,-5.0,0.30000001192092896
1768670530.7810316,0.0012810230255126953,-5.0,0.30000001192092896
1768670530.8159988,0.03496718406677246,-5.0,0.3100000023841858
1768670530.8221102,0.0061113834381103516,-5.0,0.3100000023841858
1768670530.8939276,0.07181739807128906,-5.0,0.3100000023841858
1768670530.9059255,0.01199793815612793,-5.0,0.3100000023841858
1768670530.9444368,0.03851127624511719,-5.0,0.27000001072883606
1768670530.9500318,0.005594968795776367,-11.0,0.27000001072883606
1768670531.0215683,0.07153654098510742,-11.0,0.27000001072883606
1768670531.0235178,0.0019495487213134766,-11.0,0.27000001072883606
1768670531.0762494,0.05273151397705078,-11.0,0.27000001072883606
1768670531.0774846,0.0012352466583251953,-12.0,0.27000001072883606
1768670531.0827754,0.0052907466888427734,-12.0,0.27000001072883606
1768670531.1163192,0.03354382514953613,-12.0,0.27000001072883606
1768670531.1177793,0.0014600753784179688,-12.0,0.27000001072883606
1768670531.1753128,0.05753350257873535,-12.0,0.27000001072883606
1768670531.1795416,0.004228830337524414,-12.0,0.27000001072883606
1768670531.2614918,0.08195018768310547,-12.0,0.2800000011920929
1768670531.266069,0.004577159881591797,-11.0,0.2800000011920929
1768670531.3422863,0.0762174129486084,-11.0,0.2800000011920929
1768670531.3431883,0.0009019374847412109,-11.0,0.2800000011920929
1768670531.3628798,0.01969146728515625,-11.0,0.2800000011920929
1768670531.3948689,0.031989097595214844,-11.0,0.2800000011920929
1768670531.3995786,0.004709720611572266,-11.0,0.2800000011920929
1768670531.4124465,0.012867927551269531,-11.0,0.2800000011920929
1768670531.412905,0.0004584789276123047,-11.0,0.2800000011920929
1768670531.5037467,0.09084177017211914,-11.0,0.2800000011920929
1768670531.504265,0.0005183219909667969,-11.0,0.2800000011920929
1768670531.5526345,0.048369407653808594,-11.0,0.2800000011920929
1768670531.5596373,0.007002830505371094,-11.0,0.2800000011920929
1768670531.577756,0.018118619918823242,-11.0,0.2800000011920929
1768670531.5918136,0.014057636260986328,-11.0,0.2800000011920929
1768670531.6110067,0.019193172454833984,-11.0,0.2800000011920929
1768670531.6490386,0.038031816482543945,-11.0,0.2800000011920929
1768670531.651473,0.0024344921112060547,-11.0,0.2800000011920929
1768670531.6736221,0.022149085998535156,-11.0,0.2800000011920929
1768670531.7238033,0.05018115043640137,-11.0,0.2800000011920929
1768670531.725254,0.0014507770538330078,-11.0,0.2800000011920929
1768670531.767578,0.04232382774353027,-11.0,0.2800000011920929
1768670531.7741082,0.006530284881591797,-11.0,0.2800000011920929
1768670531.8406904,0.06658220291137695,-11.0,0.2800000011920929
1768670531.8412144,0.0005240440368652344,-11.0,0.2800000011920929
1768670531.8821878,0.04097342491149902,-11.0,0.2800000011920929
1768670531.8865824,0.00439453125,-11.0,0.2800000011920929
1768670531.9590118,0.07242941856384277,-11.0,0.2800000011920929
1768670531.9622173,0.003205537796020508,-11.0,0.2800000011920929
1768670532.0181842,0.055966854095458984,-11.0,0.2800000011920929
1768670532.0213633,0.0031790733337402344,-11.0,0.2800000011920929
1768670532.0736117,0.052248477935791016,-11.0,0.2800000011920929
1768670532.0752873,0.0016756057739257812,-11.0,0.2800000011920929
1768670532.1235518,0.048264503479003906,-11.0,0.2800000011920929
1768670532.1255825,0.002030611038208008,-11.0,0.2800000011920929
1768670532.1647952,0.039212703704833984,-11.0,0.2800000011920929
1768670532.1663537,0.001558542251586914,-11.0,0.2800000011920929
1768670532.2095387,0.04318499565124512,-11.0,0.2800000011920929
1768670532.2122097,0.0026710033416748047,-11.0,0.2800000011920929
1768670532.2514656,0.03925585746765137,-11.0,0.2800000011920929
1768670532.2528298,0.0013642311096191406,-11.0,0.2800000011920929
1768670532.3129194,0.0600895881652832,-11.0,0.2800000011920929
1768670532.314554,0.0016345977783203125,-11.0,0.2800000011920929
1768670532.3587997,0.04424571990966797,-11.0,0.2800000011920929
1768670532.3601415,0.0013418197631835938,-11.0,0.2800000011920929
1768670532.4435654,0.08342385292053223,-12.0,0.2800000011920929
1768670532.4440877,0.0005223751068115234,-12.0,0.2800000011920929
1768670532.4528823,0.008794546127319336,-12.0,0.2800000011920929
1768670532.478108,0.02522563934326172,-12.0,0.2800000011920929
1768670532.479793,0.0016851425170898438,-11.0,0.2800000011920929
1768670532.515562,0.035768985748291016,-11.0,0.2800000011920929
1768670532.5197837,0.004221677780151367,-11.0,0.2800000011920929
1768670532.5575197,0.037735939025878906,-11.0,0.2800000011920929
1768670532.560221,0.002701282501220703,-11.0,0.2800000011920929
1768670532.6097376,0.04951667785644531,-11.0,0.2800000011920929
1768670532.614113,0.004375457763671875,-11.0,0.2800000011920929
1768670532.7151327,0.10101962089538574,-11.0,0.2800000011920929
1768670532.7209191,0.005786418914794922,-11.0,0.2800000011920929
1768670532.773262,0.052342891693115234,-11.0,0.2800000011920929
1768670532.7747073,0.0014452934265136719,-11.0,0.2800000011920929
1768670532.8402233,0.06551599502563477,-11.0,0.2800000011920929
1768670532.8418713,0.00164794921875,-11.0,0.2800000011920929
1768670532.8975508,0.0556795597076416,-11.0,0.2800000011920929
1768670532.9000597,0.002508878707885742,-11.0,0.2800000011920929
1768670532.9705112,0.07045149803161621,-11.0,0.2800000011920929
1768670532.9718642,0.0013530254364013672,-11.0,0.2800000011920929
1768670533.021248,0.04938387870788574,-11.0,0.2800000011920929
1768670533.036665,0.015416860580444336,-11.0,0.2800000011920929
1768670533.1062803,0.06961536407470703,-11.0,0.2800000011920929
1768670533.107649,0.0013687610626220703,-11.0,0.2800000011920929
1768670533.1524282,0.044779062271118164,-11.0,0.2800000011920929
1768670533.1540117,0.0015835762023925781,-11.0,0.2800000011920929
1768670533.200994,0.0469822883605957,-11.0,0.2800000011920929
1768670533.2076833,0.006689310073852539,-11.0,0.2800000011920929
1768670533.2497633,0.042079925537109375,-11.0,0.2800000011920929
1768670533.2509503,0.0011870861053466797,-11.0,0.2800000011920929
1768670533.284197,0.033246755599975586,-11.0,0.2800000011920929
1768670533.2858171,0.0016200542449951172,-11.0,0.2800000011920929
1768670533.3109252,0.02510809898376465,-11.0,0.2800000011920929
1768670533.3125067,0.001581430435180664,-11.0,0.2800000011920929
1768670533.3445928,0.03208613395690918,-11.0,0.2800000011920929
1768670533.350067,0.005474090576171875,-11.0,0.2800000011920929
1768670533.380301,0.030234098434448242,-11.0,0.2800000011920929
1768670533.3822227,0.0019216537475585938,-11.0,0.2800000011920929
1768670533.4151008,0.03287816047668457,-11.0,0.2800000011920929
1768670533.416432,0.0013310909271240234,-11.0,0.2800000011920929
1768670533.4474235,0.030991554260253906,-11.0,0.2800000011920929
1768670533.448714,0.0012905597686767578,-11.0,0.2800000011920929
1768670533.4772487,0.028534650802612305,-11.0,0.2800000011920929
1768670533.4785767,0.0013279914855957031,-11.0,0.2800000011920929
1768670533.529966,0.051389455795288086,-11.0,0.2800000011920929
1768670533.6764688,0.14650273323059082,-11.0,0.2800000011920929
1768670533.6770797,0.0006108283996582031,-11.0,0.27000001072883606
1768670533.677984,0.0009043216705322266,-11.0,0.27000001072883606
1768670533.6784527,0.0004687309265136719,-11.0,0.27000001072883606
1768670533.679101,0.0006482601165771484,-11.0,0.27000001072883606
1768670533.6794212,0.00032019615173339844,-11.0,0.27000001072883606
1768670533.6802042,0.0007829666137695312,-11.0,0.27000001072883606
1768670533.6972706,0.017066478729248047,-11.0,0.27000001072883606
1768670533.702644,0.005373477935791016,-11.0,0.27000001072883606
1768670533.725494,0.02284979820251465,-11.0,0.25999999046325684
1768670533.727258,0.001764059066772461,-11.0,0.25999999046325684
1768670533.7736003,0.04634237289428711,-11.0,0.25999999046325684
1768670533.776208,0.002607583999633789,-11.0,0.25999999046325684
1768670533.7906046,0.01439666748046875,-11.0,0.25
1768670533.8161294,0.02552485466003418,-11.0,0.25
1768670533.8179307,0.0018012523651123047,-11.0,0.25
1768670533.8667617,0.04883098602294922,-11.0,0.25999999046325684
1768670533.876713,0.009951353073120117,-11.0,0.25999999046325684
1768670533.890046,0.013332843780517578,-11.0,0.25
1768670533.8918986,0.0018527507781982422,-11.0,0.25
1768670533.9280636,0.03616499900817871,-11.0,0.23999999463558197
1768670533.929341,0.0012774467468261719,-11.0,0.23999999463558197
1768670533.9532049,0.023863792419433594,-11.0,0.23999999463558197
1768670533.957811,0.0046062469482421875,-11.0,0.23999999463558197
1768670533.9901505,0.03233933448791504,-11.0,0.23000000417232513
1768670533.9950714,0.00492095947265625,-11.0,0.23000000417232513
1768670534.0362315,0.04116010665893555,-11.0,0.23000000417232513
1768670534.0408509,0.0046193599700927734,-11.0,0.23000000417232513
1768670534.087847,0.046996116638183594,-11.0,0.23999999463558197
1768670534.089324,0.0014770030975341797,-11.0,0.23999999463558197
1768670534.1140685,0.024744510650634766,-11.0,0.30000001192092896
1768670534.1176577,0.003589153289794922,-11.0,0.30000001192092896
1768670534.147362,0.02970433235168457,-11.0,0.30000001192092896
1768670534.149922,0.0025599002838134766,-11.0,0.30000001192092896
1768670534.1772277,0.02730584144592285,-11.0,0.30000001192092896
1768670534.179642,0.002414226531982422,-11.0,0.30000001192092896
1768670534.2148182,0.03517627716064453,-11.0,0.30000001192092896
1768670534.215316,0.0004978179931640625,-11.0,0.30000001192092896
1768670534.2498672,0.034551143646240234,-11.0,0.30000001192092896
1768670534.2505114,0.0006442070007324219,-11.0,0.30000001192092896
1768670534.2792232,0.028711795806884766,-11.0,0.30000001192092896
1768670534.2801666,0.0009434223175048828,-11.0,0.30000001192092896
1768670534.3133209,0.03315424919128418,-11.0,0.30000001192092896
1768670534.3150177,0.0016968250274658203,-11.0,0.30000001192092896
1768670534.3549316,0.03991389274597168,-11.0,0.28999999165534973
1768670534.3583248,0.0033931732177734375,-11.0,0.28999999165534973
1768670534.3818817,0.023556947708129883,-11.0,0.28999999165534973
1768670534.3824756,0.0005939006805419922,-11.0,0.28999999165534973
1768670534.412717,0.03024148941040039,-11.0,0.28999999165534973
1768670534.4132667,0.0005495548248291016,-11.0,0.2800000011920929
1768670534.44639,0.03312325477600098,-11.0,0.23999999463558197
1768670534.448021,0.001631021499633789,-14.0,0.23999999463558197
1768670534.4830942,0.035073280334472656,-14.0,0.23999999463558197
1768670534.4846606,0.0015664100646972656,-14.0,0.23999999463558197
1768670534.5125825,0.02792191505432129,-14.0,0.23999999463558197
1768670534.5143154,0.0017328262329101562,-14.0,0.23999999463558197
1768670534.5676734,0.05335807800292969,-14.0,0.23999999463558197
1768670534.5749676,0.007294178009033203,-14.0,0.23999999463558197
1768670534.614718,0.03975033760070801,-14.0,0.23999999463558197
1768670534.6162124,0.0014944076538085938,-14.0,0.23999999463558197
1768670534.6785152,0.06230282783508301,-14.0,0.23999999463558197
1768670534.679791,0.001275777816772461,-14.0,0.23999999463558197
1768670534.7409854,0.061194419860839844,-14.0,0.2199999988079071
1768670534.7431169,0.0021314620971679688,-14.0,0.2199999988079071
1768670534.7544823,0.011365413665771484,-14.0,0.2199999988079071
1768670534.7581968,0.0037145614624023438,-14.0,0.2199999988079071
1768670534.7802825,0.02208566665649414,-14.0,0.20999999344348907
1768670534.7820315,0.0017490386962890625,-14.0,0.20999999344348907
1768670534.8197339,0.037702322006225586,-14.0,0.20999999344348907
1768670534.8214,0.0016660690307617188,-14.0,0.20999999344348907
1768670534.8487096,0.027309656143188477,-14.0,0.20999999344348907
1768670534.8502936,0.0015840530395507812,-14.0,0.20999999344348907
1768670534.8964317,0.04613804817199707,-14.0,0.20999999344348907
1768670534.8972142,0.0007824897766113281,-14.0,0.2199999988079071
1768670534.911492,0.014277935028076172,-14.0,0.23999999463558197
1768670534.9129567,0.0014646053314208984,-14.0,0.23999999463558197
1768670534.958174,0.045217275619506836,-14.0,0.23999999463558197
1768670534.9599018,0.0017278194427490234,-14.0,0.23999999463558197
1768670534.9785955,0.01869368553161621,-14.0,0.23999999463558197
1768670534.9807534,0.002157926559448242,-14.0,0.23999999463558197
1768670535.0130453,0.03229188919067383,-14.0,0.23999999463558197
1768670535.0146282,0.0015828609466552734,-15.0,0.23999999463558197
1768670535.0444982,0.029870033264160156,-15.0,0.23999999463558197
1768670535.0460303,0.0015320777893066406,-15.0,0.23999999463558197
1768670535.0775392,0.0315089225769043,-15.0,0.2199999988079071
1768670535.0790284,0.0014891624450683594,-15.0,0.2199999988079071
1768670535.1129124,0.03388404846191406,-15.0,0.2199999988079071
1768670535.1135116,0.0005991458892822266,-15.0,0.23000000417232513
1768670535.1587071,0.045195579528808594,-15.0,0.23000000417232513
1768670535.161752,0.0030448436737060547,-15.0,0.23000000417232513
1768670535.1819253,0.020173311233520508,-15.0,0.20999999344348907
1768670535.1831937,0.0012683868408203125,-15.0,0.20999999344348907
1768670535.2176037,0.03440999984741211,-15.0,0.20999999344348907
1768670535.2224588,0.004855155944824219,-15.0,0.20999999344348907
1768670535.2442706,0.021811723709106445,-15.0,0.20999999344348907
1768670535.2461622,0.0018916130065917969,-15.0,0.20999999344348907
1768670535.2800272,0.03386497497558594,-15.0,0.47999998927116394
1768670535.2819026,0.0018754005432128906,-15.0,0.47999998927116394
1768670535.3108606,0.02895808219909668,-15.0,0.47999998927116394
1768670535.312369,0.001508474349975586,-16.0,0.47999998927116394
1768670535.347987,0.035617828369140625,-16.0,0.2199999988079071
1768670535.3496573,0.0016703605651855469,167.0,0.2199999988079071
1768670535.4030607,0.053403377532958984,167.0,0.2199999988079071
1768670535.4040952,0.0010344982147216797,167.0,0.2199999988079071
1768670535.4682477,0.06415247917175293,167.0,0.2199999988079071
1768670535.469854,0.0016064643859863281,167.0,0.2199999988079071
1768670535.5429432,0.0730891227722168,167.0,0.2199999988079071
1768670535.543529,0.0005857944488525391,167.0,0.2199999988079071
1768670535.6156204,0.07209134101867676,167.0,0.2199999988079071
1768670535.6169121,0.0012917518615722656,163.0,0.2199999988079071
1768670535.6979144,0.08100223541259766,163.0,0.2199999988079071
1768670535.7001593,0.0022449493408203125,165.0,0.2199999988079071
1768670535.759746,0.05958676338195801,165.0,0.2199999988079071
1768670535.761504,0.0017578601837158203,165.0,0.2199999988079071
1768670535.8562582,0.09475421905517578,165.0,0.2199999988079071
1768670535.8571966,0.00093841552734375,165.0,0.2199999988079071
1768670535.8928707,0.035674095153808594,165.0,0.2199999988079071
1768670535.8954265,0.00255584716796875,165.0,0.2199999988079071
1768670535.926103,0.030676603317260742,165.0,0.2199999988079071
1768670535.9277294,0.0016262531280517578,166.0,0.2199999988079071
1768670535.9664557,0.0387263298034668,166.0,0.2199999988079071
1768670535.9682763,0.0018205642700195312,166.0,0.2199999988079071
1768670535.9819207,0.01364445686340332,166.0,0.2199999988079071
1768670535.9836311,0.0017104148864746094,166.0,0.2199999988079071
1768670536.058276,0.07464480400085449,166.0,0.2199999988079071
1768670536.0596316,0.0013556480407714844,166.0,0.2199999988079071
1768670536.0992603,0.03962874412536621,166.0,0.2199999988079071
1768670536.1012607,0.0020003318786621094,166.0,0.2199999988079071
1768670536.140802,0.03954124450683594,166.0,0.2199999988079071
1768670536.1423743,0.0015723705291748047,166.0,0.2199999988079071
1768670536.1721945,0.02982020378112793,166.0,0.2199999988079071
1768670536.173046,0.0008516311645507812,165.0,0.2199999988079071
1768670536.1889017,0.01585555076599121,165.0,0.2199999988079071
1768670536.1901336,0.0012319087982177734,165.0,0.2199999988079071
1768670536.2412121,0.05107855796813965,165.0,0.2199999988079071
1768670536.2449186,0.0037064552307128906,165.0,0.2199999988079071
1768670536.282613,0.037694454193115234,165.0,0.2199999988079071
1768670536.2835565,0.0009434223175048828,165.0,0.2199999988079071
1768670536.3340979,0.05054140090942383,165.0,0.2199999988079071
1768670536.335233,0.001135110855102539,165.0,0.2199999988079071
1768670536.3689919,0.03375887870788574,165.0,0.2199999988079071
1768670536.3701441,0.0011522769927978516,165.0,0.2199999988079071
1768670536.4187884,0.048644304275512695,165.0,0.2199999988079071
1768670536.4211795,0.0023910999298095703,165.0,0.2199999988079071
1768670536.4871871,0.06600761413574219,165.0,0.2199999988079071
1768670536.4888372,0.001650094985961914,165.0,0.2199999988079071
1768670536.5562317,0.06739449501037598,165.0,0.2199999988079071
1768670536.5585654,0.0023336410522460938,165.0,0.2199999988079071
1768670536.5900905,0.0315251350402832,165.0,0.2199999988079071
1768670536.5928502,0.002759695053100586,165.0,0.2199999988079071
1768670536.6159332,0.023082971572875977,165.0,0.2199999988079071
1768670536.6183822,0.00244903564453125,165.0,0.2199999988079071
1768670536.6672611,0.04887890815734863,165.0,0.2199999988079071
1768670536.6701138,0.0028526782989501953,164.0,0.2199999988079071
1768670536.7240732,0.05395936965942383,164.0,0.2199999988079071
1768670536.7302897,0.006216526031494141,164.0,0.2199999988079071
1768670536.7650292,0.03473949432373047,164.0,0.2199999988079071
1768670536.7698233,0.004794120788574219,164.0,0.2199999988079071
1768670536.8115444,0.04172110557556152,164.0,0.2199999988079071
1768670536.8130279,0.0014834403991699219,164.0,0.2199999988079071
1768670536.900347,0.08731913566589355,164.0,0.20999999344348907
1768670536.90139,0.001043081283569336,164.0,0.20999999344348907
1768670536.946159,0.0447688102722168,164.0,0.2199999988079071
1768670536.9470894,0.0009305477142333984,153.0,0.2199999988079071
1768670536.9810553,0.0339658260345459,153.0,0.2199999988079071
1768670536.9829884,0.0019330978393554688,153.0,0.2199999988079071
1768670537.0286276,0.0456392765045166,153.0,0.2199999988079071
1768670537.032825,0.004197359085083008,153.0,0.2199999988079071
1768670537.061709,0.028883934020996094,153.0,0.2199999988079071
1768670537.070767,0.009057998657226562,153.0,0.2199999988079071
1768670537.1233222,0.05255532264709473,153.0,0.20999999344348907
1768670537.1269455,0.0036232471466064453,151.0,0.20999999344348907
1768670537.1581242,0.031178712844848633,151.0,0.2199999988079071
1768670537.1589985,0.0008742809295654297,151.0,0.2199999988079071
1768670537.1778417,0.01884317398071289,151.0,0.2199999988079071
1768670537.1786838,0.0008420944213867188,151.0,0.2199999988079071
1768670537.230108,0.051424264907836914,151.0,0.2199999988079071
1768670537.2338295,0.003721475601196289,152.0,0.2199999988079071
1768670537.2582874,0.024457931518554688,152.0,0.2199999988079071
1768670537.2591858,0.0008983612060546875,152.0,0.2199999988079071
1768670537.288383,0.029197216033935547,152.0,0.2199999988079071
1768670537.288855,0.00047206878662109375,152.0,0.2199999988079071
1768670537.31457,0.025714874267578125,152.0,0.2199999988079071
1768670537.323257,0.008687019348144531,152.0,0.2199999988079071
1768670537.3460345,0.022777557373046875,152.0,0.2199999988079071
1768670537.3485463,0.002511739730834961,152.0,0.2199999988079071
1768670537.3844519,0.03590559959411621,152.0,0.2199999988079071
1768670537.39308,0.008628129959106445,152.0,0.2199999988079071
1768670537.4258368,0.032756805419921875,152.0,0.2199999988079071
1768670537.426343,0.0005061626434326172,152.0,0.20999999344348907
1768670537.490054,0.06371092796325684,152.0,0.2199999988079071
1768670537.4908946,0.0008406639099121094,151.0,0.2199999988079071
1768670537.5136938,0.022799253463745117,151.0,0.2199999988079071
1768670537.5144951,0.0008013248443603516,151.0,0.2199999988079071
1768670537.5617807,0.04728555679321289,151.0,0.2199999988079071
1768670537.5643141,0.002533435821533203,151.0,0.2199999988079071
1768670537.624472,0.06015777587890625,151.0,0.2199999988079071
1768670537.6254692,0.000997304916381836,151.0,0.2199999988079071
1768670537.6605642,0.0350949764251709,151.0,0.2199999988079071
1768670537.662667,0.0021028518676757812,151.0,0.2199999988079071
1768670537.6947634,0.03209638595581055,151.0,0.2199999988079071
1768670537.6955829,0.0008194446563720703,151.0,0.2199999988079071
1768670537.710226,0.014643192291259766,151.0,0.2199999988079071
1768670537.7111712,0.0009450912475585938,151.0,0.2199999988079071
1768670537.7496064,0.03843522071838379,151.0,0.2199999988079071
1768670537.750451,0.0008447170257568359,140.0,0.2199999988079071
1768670537.7921693,0.041718244552612305,140.0,0.2199999988079071
1768670537.7930582,0.000888824462890625,140.0,0.2199999988079071
1768670537.8264687,0.03341054916381836,140.0,0.2199999988079071
1768670537.8315763,0.0051076412200927734,140.0,0.2199999988079071
1768670537.8574564,0.025880098342895508,140.0,0.2199999988079071
1768670537.8597407,0.0022842884063720703,140.0,0.2199999988079071
1768670537.8831651,0.023424386978149414,140.0,0.2199999988079071
1768670537.8879507,0.0047855377197265625,138.0,0.2199999988079071
1768670537.912835,0.02488422393798828,138.0,0.2199999988079071
1768670537.9159784,0.0031435489654541016,138.0,0.2199999988079071
1768670537.9559698,0.03999137878417969,138.0,0.2199999988079071
1768670537.9595735,0.003603696823120117,138.0,0.2199999988079071
1768670538.0073364,0.04776287078857422,138.0,0.2199999988079071
1768670538.012304,0.004967689514160156,138.0,0.2199999988079071
1768670538.081453,0.06914901733398438,138.0,0.2199999988079071
1768670538.0849347,0.003481626510620117,135.0,0.2199999988079071
1768670538.143499,0.058564186096191406,135.0,0.2199999988079071
1768670538.1492944,0.005795478820800781,135.0,0.2199999988079071
1768670538.235526,0.08623170852661133,135.0,0.2199999988079071
1768670538.2382634,0.002737283706665039,133.0,0.2199999988079071
1768670538.2677007,0.02943730354309082,133.0,0.2199999988079071
1768670538.2707458,0.0030450820922851562,133.0,0.2199999988079071
1768670538.330415,0.05966925621032715,133.0,0.2199999988079071
1768670538.3378286,0.007413625717163086,132.0,0.2199999988079071
1768670538.383318,0.04548931121826172,132.0,0.2199999988079071
1768670538.3863559,0.0030379295349121094,132.0,0.2199999988079071
1768670538.413914,0.027558088302612305,132.0,0.2199999988079071
1768670538.416401,0.0024869441986083984,132.0,0.2199999988079071
1768670538.4560251,0.03962421417236328,132.0,0.2199999988079071
1768670538.4585094,0.0024843215942382812,132.0,0.2199999988079071
1768670538.4838355,0.025326013565063477,132.0,0.2199999988079071
1768670538.4869761,0.003140687942504883,132.0,0.2199999988079071
1768670538.5152168,0.028240680694580078,132.0,0.2199999988079071
1768670538.526934,0.011717081069946289,132.0,0.2199999988079071
1768670538.57798,0.051046133041381836,132.0,0.2199999988079071
1768670538.7257257,0.14774560928344727,132.0,0.2199999988079071
1768670538.7262,0.0004744529724121094,132.0,0.2199999988079071
1768670538.7272775,0.001077413558959961,131.0,0.2199999988079071
1768670538.7276018,0.000324249267578125,131.0,0.2199999988079071
1768670538.7282126,0.0006108283996582031,128.0,0.2199999988079071
1768670538.7606664,0.03245377540588379,128.0,0.2199999988079071
1768670538.7648973,0.004230976104736328,128.0,0.2199999988079071
1768670538.7917752,0.026877880096435547,128.0,0.2199999988079071
1768670538.7949946,0.0032193660736083984,128.0,0.2199999988079071
1768670538.8599002,0.06490564346313477,128.0,0.2199999988079071
1768670538.8623412,0.002440929412841797,128.0,0.2199999988079071
1768670538.9241843,0.061843156814575195,128.0,0.2199999988079071
1768670538.9290428,0.004858493804931641,128.0,0.2199999988079071
1768670539.007151,0.07810807228088379,128.0,0.2199999988079071
1768670539.0092237,0.0020728111267089844,128.0,0.2199999988079071
1768670539.0416667,0.03244304656982422,128.0,0.2199999988079071
1768670539.042973,0.001306295394897461,128.0,0.2199999988079071
1768670539.0672276,0.024254560470581055,128.0,0.2199999988079071
1768670539.068179,0.0009512901306152344,128.0,0.2199999988079071
1768670539.1117272,0.0435483455657959,128.0,0.2199999988079071
1768670539.1139836,0.0022563934326171875,127.0,0.2199999988079071
1768670539.145768,0.0317842960357666,127.0,0.23999999463558197
1768670539.146995,0.0012271404266357422,126.0,0.23999999463558197
1768670539.1953013,0.04830622673034668,126.0,0.23999999463558197
1768670539.1969094,0.001608133316040039,126.0,0.23999999463558197
1768670539.2155664,0.01865696907043457,126.0,0.23999999463558197
1768670539.234658,0.01909160614013672,126.0,0.23999999463558197
1768670539.2504022,0.01574420928955078,126.0,0.23999999463558197
1768670539.2539542,0.003551959991455078,126.0,0.23999999463558197
1768670539.2790039,0.025049686431884766,126.0,0.23999999463558197
1768670539.2805083,0.0015044212341308594,125.0,0.23999999463558197
1768670539.312665,0.03215670585632324,125.0,0.23000000417232513
1768670539.3185675,0.005902528762817383,125.0,0.23000000417232513
1768670539.3475127,0.028945207595825195,125.0,0.2199999988079071
1768670539.3489928,0.0014801025390625,119.0,0.2199999988079071
1768670539.3808901,0.03189730644226074,119.0,0.2199999988079071
1768670539.3821912,0.0013010501861572266,119.0,0.2199999988079071
1768670539.4142814,0.032090187072753906,119.0,0.2199999988079071
1768670539.4147727,0.0004913806915283203,119.0,0.2199999988079071
1768670539.4579043,0.04313158988952637,119.0,0.2199999988079071
1768670539.4628048,0.004900455474853516,117.0,0.2199999988079071
1768670539.4913964,0.028591632843017578,117.0,0.2199999988079071
1768670539.4938865,0.0024900436401367188,117.0,0.2199999988079071
1768670539.5166426,0.022756099700927734,117.0,0.2199999988079071
1768670539.5181172,0.001474618911743164,117.0,0.2199999988079071
1768670539.5768216,0.058704376220703125,117.0,0.2199999988079071
1768670539.5825353,0.005713701248168945,113.0,0.2199999988079071
1768670539.6319366,0.049401283264160156,113.0,0.2199999988079071
1768670539.633273,0.0013363361358642578,113.0,0.2199999988079071
1768670539.6662316,0.0329587459564209,113.0,0.2199999988079071
1768670539.6736114,0.007379770278930664,113.0,0.2199999988079071
1768670539.6957173,0.022105932235717773,113.0,0.2199999988079071
1768670539.6979613,0.0022439956665039062,113.0,0.2199999988079071
1768670539.7405527,0.04259133338928223,113.0,0.2199999988079071
1768670539.7430425,0.002489805221557617,113.0,0.2199999988079071
1768670539.7801332,0.03709077835083008,113.0,0.2199999988079071
1768670539.781714,0.0015807151794433594,113.0,0.2199999988079071
1768670539.8129752,0.03126120567321777,113.0,0.2199999988079071
1768670539.8142586,0.001283407211303711,112.0,0.2199999988079071
1768670539.8909893,0.07673072814941406,112.0,0.23000000417232513
1768670539.8922212,0.0012319087982177734,110.0,0.23000000417232513
1768670539.9151726,0.022951364517211914,110.0,0.23000000417232513
1768670539.916546,0.0013735294342041016,109.0,0.23000000417232513
1768670539.9608755,0.04432940483093262,109.0,0.2199999988079071
1768670539.9628968,0.002021312713623047,105.0,0.2199999988079071
1768670540.0156808,0.052783966064453125,105.0,0.2199999988079071
1768670540.0170195,0.0013387203216552734,105.0,0.2199999988079071
1768670540.0980844,0.08106493949890137,105.0,0.2199999988079071
1768670540.1119747,0.013890266418457031,105.0,0.2199999988079071
1768670540.1646209,0.05264616012573242,105.0,0.2199999988079071
1768670540.169286,0.0046651363372802734,105.0,0.2199999988079071
1768670540.2234502,0.05416417121887207,105.0,0.2199999988079071
1768670540.2266607,0.0032105445861816406,105.0,0.2199999988079071
1768670540.2811651,0.05450439453125,105.0,0.2199999988079071
1768670540.2833495,0.0021843910217285156,105.0,0.2199999988079071
1768670540.3363872,0.05303764343261719,105.0,0.2199999988079071
1768670540.340334,0.003946781158447266,105.0,0.2199999988079071
1768670540.3913617,0.051027774810791016,105.0,0.2199999988079071
1768670540.3928106,0.0014488697052001953,105.0,0.2199999988079071
1768670540.4259572,0.03314661979675293,105.0,0.23000000417232513
1768670540.4290843,0.0031270980834960938,105.0,0.23000000417232513
1768670540.4798262,0.05074191093444824,105.0,0.2199999988079071
1768670540.481313,0.0014867782592773438,105.0,0.2199999988079071
1768670540.518716,0.037403106689453125,105.0,0.23000000417232513
1768670540.5202348,0.0015187263488769531,104.0,0.23000000417232513
1768670540.5539043,0.033669471740722656,104.0,0.2199999988079071
1768670540.5578494,0.003945112228393555,105.0,0.2199999988079071
1768670540.5822167,0.024367332458496094,105.0,0.23000000417232513
1768670540.5836704,0.0014536380767822266,105.0,0.23000000417232513
1768670540.6117249,0.028054475784301758,105.0,0.2199999988079071
1768670540.6144214,0.002696514129638672,105.0,0.2199999988079071
1768670540.64484,0.03041863441467285,105.0,0.23000000417232513
1768670540.6459641,0.0011241436004638672,105.0,0.23000000417232513
1768670540.6811507,0.0351865291595459,105.0,0.2199999988079071
1768670540.68278,0.0016293525695800781,105.0,0.2199999988079071
1768670540.7114863,0.02870631217956543,105.0,0.2199999988079071
1768670540.7165198,0.0050334930419921875,100.0,0.2199999988079071
1768670540.7439642,0.02744436264038086,100.0,0.2199999988079071
1768670540.744865,0.0009007453918457031,100.0,0.2199999988079071
1768670540.7987607,0.05389571189880371,100.0,0.2199999988079071
1768670540.8006084,0.0018477439880371094,100.0,0.2199999988079071
1768670540.8652174,0.06460905075073242,100.0,0.2199999988079071
1768670540.867815,0.0025975704193115234,100.0,0.2199999988079071
1768670540.8984995,0.030684471130371094,100.0,0.2199999988079071
1768670540.9000313,0.001531839370727539,100.0,0.2199999988079071
1768670540.9534767,0.05344533920288086,100.0,0.2199999988079071
1768670540.954927,0.0014503002166748047,100.0,0.2199999988079071
1768670540.9946404,0.039713382720947266,100.0,0.2199999988079071
1768670540.9960659,0.0014255046844482422,99.0,0.2199999988079071
1768670541.013729,0.017663240432739258,99.0,0.2199999988079071
1768670541.014219,0.0004899501800537109,99.0,0.2199999988079071
1768670541.08841,0.07419085502624512,99.0,0.2199999988079071
1768670541.0947182,0.006308317184448242,99.0,0.2199999988079071
1768670541.1168702,0.022151947021484375,99.0,0.2199999988079071
1768670541.1183002,0.0014300346374511719,99.0,0.2199999988079071
1768670541.1564844,0.038184165954589844,99.0,0.2199999988079071
1768670541.1725874,0.016103029251098633,98.0,0.2199999988079071
1768670541.217835,0.045247554779052734,98.0,0.2199999988079071
1768670541.225795,0.007960081100463867,98.0,0.2199999988079071
1768670541.2991056,0.07331061363220215,98.0,0.2199999988079071
1768670541.3015752,0.0024695396423339844,98.0,0.2199999988079071
1768670541.3554585,0.05388331413269043,98.0,0.2199999988079071
1768670541.3569267,0.0014681816101074219,98.0,0.2199999988079071
1768670541.4027908,0.045864105224609375,98.0,0.2199999988079071
1768670541.426783,0.023992300033569336,101.0,0.2199999988079071
1768670541.4662573,0.0394742488861084,101.0,0.2199999988079071
1768670541.46935,0.0030927658081054688,101.0,0.2199999988079071
1768670541.5320022,0.0626521110534668,101.0,0.2199999988079071
1768670541.5417323,0.009730100631713867,101.0,0.2199999988079071
1768670541.564871,0.023138761520385742,101.0,0.2199999988079071
1768670541.566509,0.0016379356384277344,104.0,0.2199999988079071
1768670541.5788872,0.012378215789794922,104.0,0.2199999988079071
1768670541.5805354,0.0016481876373291016,104.0,0.2199999988079071
1768670541.6220617,0.04152631759643555,104.0,0.2199999988079071
1768670541.6242046,0.0021429061889648438,104.0,0.2199999988079071
1768670541.6623898,0.03818511962890625,104.0,0.2199999988079071
1768670541.6818328,0.019443035125732422,104.0,0.2199999988079071
1768670541.7156222,0.03378939628601074,104.0,0.2199999988079071
1768670541.7175891,0.0019669532775878906,100.0,0.2199999988079071
1768670541.7375984,0.020009279251098633,100.0,0.2199999988079071
1768670541.7692683,0.03166985511779785,100.0,0.2199999988079071
1768670541.7805493,0.011281013488769531,100.0,0.2199999988079071
1768670541.843449,0.06289982795715332,100.0,0.2199999988079071
1768670541.851606,0.008156776428222656,100.0,0.2199999988079071
1768670541.9125469,0.06094098091125488,100.0,0.2199999988079071
1768670541.9153543,0.0028073787689208984,97.0,0.2199999988079071
1768670541.9620035,0.04664921760559082,97.0,0.2199999988079071
1768670541.9761133,0.01410984992980957,97.0,0.2199999988079071
1768670541.9852514,0.009138107299804688,97.0,0.2199999988079071
1768670542.009556,0.024304628372192383,97.0,0.2199999988079071
1768670542.0599618,0.05040574073791504,97.0,0.2199999988079071
1768670542.0619826,0.0020208358764648438,92.0,0.2199999988079071
1768670542.1101909,0.04820823669433594,92.0,0.2199999988079071
1768670542.1117702,0.00157928466796875,92.0,0.2199999988079071
1768670542.1857123,0.07394218444824219,92.0,0.2199999988079071
1768670542.1883602,0.002647876739501953,92.0,0.2199999988079071
1768670542.2498803,0.06152009963989258,92.0,0.2199999988079071
1768670542.253759,0.0038785934448242188,88.0,0.2199999988079071
1768670542.330228,0.07646918296813965,88.0,0.2199999988079071
1768670542.3344789,0.004250764846801758,86.0,0.2199999988079071
1768670542.3844337,0.049954891204833984,86.0,0.2199999988079071
1768670542.391802,0.007368326187133789,86.0,0.2199999988079071
1768670542.442259,0.050457000732421875,86.0,0.2199999988079071
1768670542.4438748,0.001615762710571289,86.0,0.2199999988079071
1768670542.5521147,0.10823988914489746,86.0,0.2199999988079071
1768670542.55384,0.0017251968383789062,84.0,0.2199999988079071
1768670542.6489716,0.09513163566589355,84.0,0.2199999988079071
1768670542.652143,0.0031714439392089844,82.0,0.2199999988079071
1768670542.679238,0.02709507942199707,82.0,0.23000000417232513
1768670542.6847181,0.005480051040649414,79.0,0.23000000417232513
1768670542.6854155,0.0006973743438720703,79.0,0.2199999988079071
1768670542.7114522,0.026036739349365234,77.0,0.2199999988079071
1768670542.7120962,0.0006439685821533203,77.0,0.23000000417232513
1768670542.744604,0.032507896423339844,77.0,0.23000000417232513
1768670542.7462792,0.0016751289367675781,74.0,0.23000000417232513
1768670542.7775016,0.03122234344482422,74.0,0.23000000417232513
1768670542.7789536,0.0014519691467285156,72.0,0.23000000417232513
1768670542.8108852,0.03193163871765137,72.0,0.23000000417232513
1768670542.8125105,0.0016252994537353516,70.0,0.23000000417232513
1768670542.8471546,0.034644126892089844,70.0,0.23000000417232513
1768670542.849045,0.001890420913696289,68.0,0.23000000417232513
1768670542.8820412,0.032996177673339844,68.0,0.2199999988079071
1768670542.8973405,0.015299320220947266,79.0,0.2199999988079071
1768670542.9252496,0.027909040451049805,79.0,0.2199999988079071
1768670542.9270027,0.001753091812133789,79.0,0.2199999988079071
1768670542.974841,0.047838449478149414,79.0,0.2199999988079071
1768670542.9822526,0.007411479949951172,79.0,0.2199999988079071
1768670543.0161498,0.03389716148376465,79.0,0.2199999988079071
1768670543.0190022,0.0028524398803710938,79.0,0.2199999988079071
1768670543.0697014,0.05069923400878906,79.0,0.2199999988079071
1768670543.0745683,0.004866838455200195,77.0,0.2199999988079071
1768670543.1114638,0.0368955135345459,77.0,0.2199999988079071
1768670543.1128588,0.0013949871063232422,77.0,0.2199999988079071
1768670543.1347322,0.02187347412109375,77.0,0.2199999988079071
1768670543.190854,0.056121826171875,77.0,0.2199999988079071
1768670543.1923807,0.0015265941619873047,77.0,0.2199999988079071
1768670543.2650733,0.0726926326751709,77.0,0.23000000417232513
1768670543.2672615,0.0021882057189941406,76.0,0.23000000417232513
1768670543.2837825,0.016520977020263672,76.0,0.23000000417232513
1768670543.2861803,0.002397775650024414,72.0,0.23000000417232513
1768670543.314256,0.028075695037841797,72.0,0.23000000417232513
1768670543.3207827,0.0065267086029052734,72.0,0.23000000417232513
1768670543.3753397,0.054557085037231445,72.0,0.23000000417232513
1768670543.3931413,0.017801523208618164,72.0,0.23000000417232513
1768670543.4259515,0.032810211181640625,72.0,0.23000000417232513
1768670543.4485767,0.022625207901000977,72.0,0.2199999988079071
1768670543.4510202,0.002443552017211914,72.0,0.2199999988079071
1768670543.4996178,0.04859757423400879,72.0,0.2199999988079071
1768670543.5057864,0.0061686038970947266,70.0,0.2199999988079071
1768670543.548625,0.04283857345581055,70.0,0.2199999988079071
1768670543.5544178,0.005792856216430664,70.0,0.2199999988079071
1768670543.6070716,0.05265378952026367,70.0,0.2199999988079071
1768670543.757602,0.15053033828735352,70.0,0.2199999988079071
1768670543.7580492,0.00044727325439453125,70.0,0.23000000417232513
1768670543.7588422,0.0007929801940917969,68.0,0.23000000417232513
1768670543.7592597,0.00041747093200683594,68.0,0.23000000417232513
1768670543.7600527,0.0007929801940917969,68.0,0.23000000417232513
1768670543.7604423,0.0003895759582519531,68.0,0.23000000417232513
1768670543.7610543,0.0006120204925537109,68.0,0.23000000417232513
1768670543.7815533,0.020498991012573242,68.0,0.23000000417232513
1768670543.7829895,0.0014362335205078125,65.0,0.23000000417232513
1768670543.815922,0.03293251991271973,65.0,0.23000000417232513
1768670543.8164337,0.0005116462707519531,65.0,0.23000000417232513
1768670543.867447,0.05101323127746582,65.0,0.23000000417232513
1768670543.8686645,0.0012176036834716797,65.0,0.23000000417232513
1768670543.9099817,0.04131722450256348,65.0,0.23000000417232513
1768670543.9117072,0.0017254352569580078,65.0,0.23000000417232513
1768670543.9937468,0.08203959465026855,65.0,0.23000000417232513
1768670544.0135055,0.01975870132446289,65.0,0.23000000417232513
1768670544.0189764,0.005470991134643555,65.0,0.23000000417232513
1768670544.062444,0.04346752166748047,65.0,0.23000000417232513
1768670544.063743,0.001299142837524414,62.0,0.23000000417232513
1768670544.086257,0.022513866424560547,58.0,0.23000000417232513
1768670544.088293,0.0020360946655273438,58.0,0.2199999988079071
1768670544.1591482,0.07085514068603516,58.0,0.23000000417232513
1768670544.1605234,0.0013751983642578125,58.0,0.23000000417232513
1768670544.1772983,0.016774892807006836,58.0,0.23000000417232513
1768670544.2424014,0.06510305404663086,58.0,0.23000000417232513
1768670544.2440526,0.0016512870788574219,58.0,0.23000000417232513
1768670544.3071632,0.0631105899810791,58.0,0.23000000417232513
1768670544.3083901,0.0012269020080566406,54.0,0.23000000417232513
1768670544.328746,0.020355939865112305,54.0,0.23000000417232513
1768670544.338412,0.009665966033935547,54.0,0.23000000417232513
1768670544.368312,0.02989983558654785,54.0,0.2199999988079071
1768670544.3699,0.0015881061553955078,49.0,0.2199999988079071
1768670544.384024,0.014123916625976562,49.0,0.23000000417232513
1768670544.3848333,0.0008094310760498047,49.0,0.23000000417232513
1768670544.435729,0.05089569091796875,49.0,0.23000000417232513
1768670544.4368396,0.0011105537414550781,47.0,0.23000000417232513
1768670544.4991372,0.06229758262634277,47.0,0.23000000417232513
1768670544.500012,0.0008747577667236328,47.0,0.23000000417232513
1768670544.5269754,0.026963472366333008,47.0,0.2199999988079071
1768670544.5287256,0.0017502307891845703,47.0,0.2199999988079071
1768670544.602709,0.07398343086242676,47.0,0.23000000417232513
1768670544.6040897,0.0013806819915771484,47.0,0.23000000417232513
1768670544.6335716,0.029481887817382812,47.0,0.23000000417232513
1768670544.634516,0.0009443759918212891,47.0,0.23000000417232513
1768670544.6925213,0.058005332946777344,47.0,0.23000000417232513
1768670544.6952145,0.00269317626953125,44.0,0.23000000417232513
1768670544.744146,0.04893159866333008,44.0,0.2199999988079071
1768670544.7458491,0.001703023910522461,44.0,0.2199999988079071
1768670544.8218806,0.07603144645690918,44.0,0.2199999988079071
1768670544.8226888,0.0008082389831542969,42.0,0.2199999988079071
1768670544.8732336,0.05054473876953125,42.0,0.23000000417232513
1768670544.8741364,0.0009028911590576172,42.0,0.23000000417232513
1768670544.9099557,0.035819292068481445,37.0,0.23000000417232513
1768670544.9109635,0.0010077953338623047,37.0,0.23000000417232513
1768670544.9392552,0.028291702270507812,37.0,0.23000000417232513
1768670544.9401197,0.0008645057678222656,37.0,0.23000000417232513
1768670544.9543245,0.014204740524291992,37.0,0.23000000417232513
1768670544.9554672,0.001142740249633789,34.0,0.23000000417232513
1768670544.9870129,0.03154563903808594,34.0,0.23000000417232513
1768670544.9879177,0.0009047985076904297,34.0,0.23000000417232513
1768670545.0172648,0.02934718132019043,34.0,0.23000000417232513
1768670545.0178056,0.0005407333374023438,34.0,0.23000000417232513
1768670545.0482783,0.030472755432128906,34.0,0.23000000417232513
1768670545.0493655,0.001087188720703125,34.0,0.23000000417232513
1768670545.0848758,0.03551030158996582,34.0,0.2199999988079071
1768670545.0860896,0.0012137889862060547,32.0,0.2199999988079071
1768670545.1360195,0.04992985725402832,32.0,0.2199999988079071
1768670545.137295,0.0012755393981933594,32.0,0.2199999988079071
1768670545.171775,0.03448009490966797,32.0,0.2199999988079071
1768670545.172805,0.00102996826171875,32.0,0.2199999988079071
1768670545.2347698,0.06196475028991699,32.0,0.2199999988079071
1768670545.2366402,0.0018703937530517578,32.0,0.2199999988079071
1768670545.3045366,0.06789636611938477,32.0,0.2199999988079071
1768670545.3071628,0.002626180648803711,32.0,0.2199999988079071
1768670545.3578696,0.05070686340332031,32.0,0.23000000417232513
1768670545.360102,0.0022323131561279297,32.0,0.23000000417232513
1768670545.4138157,0.05371379852294922,32.0,0.2199999988079071
1768670545.4166648,0.002849102020263672,32.0,0.2199999988079071
1768670545.487481,0.0708162784576416,32.0,0.23000000417232513
1768670545.4883363,0.0008552074432373047,22.0,0.23000000417232513
1768670545.5157871,0.0274507999420166,22.0,0.2199999988079071
1768670545.529776,0.013988971710205078,22.0,0.2199999988079071
1768670545.5709808,0.04120469093322754,22.0,0.23000000417232513
1768670545.578827,0.00784611701965332,22.0,0.23000000417232513
1768670545.6448407,0.06601381301879883,22.0,0.23000000417232513
1768670545.6479175,0.003076791763305664,21.0,0.23000000417232513
1768670545.688736,0.04081845283508301,21.0,0.2199999988079071
1768670545.6914937,0.0027577877044677734,21.0,0.2199999988079071
1768670545.7452717,0.05377793312072754,21.0,0.2199999988079071
1768670545.7501597,0.004888057708740234,19.0,0.2199999988079071
1768670545.799375,0.04921531677246094,19.0,0.2199999988079071
1768670545.8024237,0.0030486583709716797,19.0,0.2199999988079071
1768670545.8443792,0.04195547103881836,19.0,0.23000000417232513
1768670545.8500292,0.005650043487548828,16.0,0.23000000417232513
1768670545.8825545,0.03252530097961426,16.0,0.23000000417232513
1768670545.88588,0.0033254623413085938,16.0,0.23000000417232513
1768670545.9252903,0.03941035270690918,16.0,0.23000000417232513
1768670545.9288638,0.0035734176635742188,12.0,0.23000000417232513
1768670545.9580357,0.02917194366455078,12.0,0.23000000417232513
1768670545.9585872,0.0005514621734619141,12.0,0.23000000417232513
1768670545.986635,0.028047800064086914,12.0,0.23000000417232513
1768670545.9904966,0.003861665725708008,12.0,0.23000000417232513
1768670546.0516593,0.061162710189819336,12.0,0.2199999988079071
1768670546.055105,0.0034456253051757812,12.0,0.2199999988079071
1768670546.0997033,0.04459834098815918,12.0,0.23000000417232513
1768670546.1028159,0.0031125545501708984,12.0,0.23000000417232513
1768670546.1821885,0.07937264442443848,12.0,0.23000000417232513
1768670546.1860914,0.003902912139892578,12.0,0.23000000417232513
1768670546.272084,0.08599257469177246,12.0,0.23000000417232513
1768670546.2860284,0.013944387435913086,8.0,0.23000000417232513
1768670546.3157456,0.029717206954956055,8.0,0.23000000417232513
1768670546.3254662,0.009720563888549805,8.0,0.23000000417232513
1768670546.3273787,0.0019125938415527344,8.0,0.23000000417232513
1768670546.3507042,0.023325443267822266,8.0,0.23000000417232513
1768670546.3518407,0.0011365413665771484,8.0,0.23000000417232513
1768670546.3822546,0.03041386604309082,8.0,0.23000000417232513
1768670546.3827434,0.0004887580871582031,8.0,0.23000000417232513
1768670546.4515576,0.06881427764892578,8.0,0.23000000417232513
1768670546.452451,0.0008933544158935547,8.0,0.23000000417232513
1768670546.488491,0.03604006767272949,8.0,0.2199999988079071
1768670546.489456,0.0009648799896240234,8.0,0.2199999988079071
1768670546.5436218,0.05416584014892578,8.0,0.23000000417232513
1768670546.544615,0.0009932518005371094,8.0,0.23000000417232513
1768670546.5956702,0.051055192947387695,8.0,0.23000000417232513
1768670546.6075995,0.01192927360534668,8.0,0.23000000417232513
1768670546.6458,0.03820061683654785,8.0,0.23000000417232513
1768670546.6490293,0.0032291412353515625,8.0,0.23000000417232513
1768670546.671393,0.022363662719726562,8.0,0.23000000417232513
1768670546.7328324,0.06143951416015625,8.0,0.23000000417232513
1768670546.7362778,0.0034453868865966797,8.0,0.23000000417232513
1768670546.784241,0.04796314239501953,8.0,0.23000000417232513
1768670546.785528,0.0012869834899902344,8.0,0.23000000417232513
1768670546.8401222,0.05459427833557129,8.0,0.23000000417232513
1768670546.8440793,0.003957033157348633,8.0,0.23000000417232513
1768670546.867262,0.02318263053894043,8.0,0.25999999046325684
1768670546.8768165,0.009554624557495117,8.0,0.25999999046325684
1768670546.9002042,0.023387670516967773,8.0,0.25
1768670546.9028845,0.0026803016662597656,8.0,0.25
1768670546.9268758,0.02399134635925293,8.0,0.25
1768670546.930395,0.0035190582275390625,8.0,0.25
1768670546.9486914,0.018296480178833008,8.0,0.25
1768670546.9492862,0.0005948543548583984,8.0,0.25
1768670546.995711,0.04642486572265625,8.0,0.25
1768670546.9966266,0.00091552734375,8.0,0.25
1768670547.015628,0.019001483917236328,8.0,0.25
1768670547.0175753,0.001947164535522461,8.0,0.25
1768670547.0451539,0.02757859230041504,8.0,0.2199999988079071
1768670547.0463443,0.0011904239654541016,9.0,0.2199999988079071
1768670547.0803015,0.03395724296569824,9.0,0.2199999988079071
1768670547.084284,0.0039825439453125,9.0,0.2199999988079071
1768670547.126504,0.04221987724304199,9.0,0.2199999988079071
1768670547.131678,0.005174160003662109,9.0,0.2199999988079071
1768670547.2039742,0.072296142578125,9.0,0.2199999988079071
1768670547.2051558,0.0011816024780273438,9.0,0.2199999988079071
1768670547.269025,0.06386923789978027,9.0,0.2199999988079071
1768670547.2736485,0.0046234130859375,9.0,0.2199999988079071
1768670547.3242638,0.05061531066894531,9.0,0.2199999988079071
1768670547.325077,0.0008132457733154297,9.0,0.2199999988079071
1768670547.3534627,0.028385639190673828,9.0,0.2199999988079071
1768670547.354278,0.0008153915405273438,10.0,0.2199999988079071
1768670547.385456,0.031177997589111328,10.0,0.2199999988079071
1768670547.388842,0.0033860206604003906,10.0,0.2199999988079071
1768670547.450525,0.061682939529418945,10.0,0.2199999988079071
1768670547.4510655,0.0005404949188232422,10.0,0.2199999988079071
1768670547.5158443,0.06477880477905273,10.0,0.2199999988079071
1768670547.5225787,0.006734371185302734,9.0,0.2199999988079071
1768670547.55147,0.028891324996948242,9.0,0.2199999988079071
1768670547.5693612,0.01789116859436035,9.0,0.2199999988079071
1768670547.625616,0.05625486373901367,9.0,0.2199999988079071
1768670547.6348755,0.009259462356567383,9.0,0.2199999988079071
1768670547.6786592,0.04378366470336914,9.0,0.2199999988079071
1768670547.6823423,0.0036830902099609375,11.0,0.2199999988079071
1768670547.6983597,0.016017436981201172,11.0,0.2199999988079071
1768670547.734329,0.03596925735473633,11.0,0.2199999988079071
1768670547.734861,0.0005319118499755859,11.0,0.2199999988079071
1768670547.782341,0.047480106353759766,11.0,0.2199999988079071
1768670547.7837272,0.0013861656188964844,11.0,0.2199999988079071
1768670547.822113,0.038385868072509766,11.0,0.2199999988079071
1768670547.8476517,0.02553868293762207,11.0,0.2199999988079071
1768670547.850569,0.0029172897338867188,11.0,0.2199999988079071
1768670547.8807855,0.030216455459594727,11.0,0.2199999988079071
1768670547.8817163,0.0009307861328125,11.0,0.2199999988079071
1768670547.9128323,0.031116008758544922,11.0,0.2199999988079071
1768670547.9179907,0.005158424377441406,11.0,0.2199999988079071
1768670547.9466162,0.02862548828125,11.0,0.2199999988079071
1768670547.9474752,0.0008590221405029297,11.0,0.2199999988079071
1768670547.9779859,0.030510663986206055,11.0,0.2199999988079071
1768670547.979035,0.001049041748046875,11.0,0.2199999988079071
1768670548.0110245,0.03198957443237305,11.0,0.2199999988079071
1768670548.012004,0.0009794235229492188,11.0,0.2199999988079071
1768670548.0573065,0.045302629470825195,11.0,0.2199999988079071
1768670548.0581598,0.0008533000946044922,11.0,0.2199999988079071
1768670548.0984168,0.04025697708129883,11.0,0.2199999988079071
1768670548.1007767,0.0023598670959472656,11.0,0.2199999988079071
1768670548.1281393,0.027362585067749023,11.0,0.2199999988079071
1768670548.1316357,0.003496408462524414,11.0,0.2199999988079071
1768670548.1656895,0.034053802490234375,11.0,0.2199999988079071
1768670548.1678047,0.0021152496337890625,11.0,0.2199999988079071
1768670548.209998,0.04219317436218262,11.0,0.2199999988079071
1768670548.211527,0.0015292167663574219,11.0,0.2199999988079071
1768670548.2549913,0.04346418380737305,11.0,0.2199999988079071
1768670548.2567139,0.001722574234008789,11.0,0.2199999988079071
1768670548.2975976,0.040883779525756836,11.0,0.2199999988079071
1768670548.3028224,0.005224704742431641,11.0,0.2199999988079071
1768670548.348576,0.04575371742248535,11.0,0.2199999988079071
1768670548.357366,0.008790016174316406,11.0,0.2199999988079071
1768670548.4127777,0.055411577224731445,11.0,0.2199999988079071
1768670548.4138355,0.0010578632354736328,10.0,0.2199999988079071
1768670548.4454517,0.0316162109375,10.0,0.2199999988079071
1768670548.46285,0.017398357391357422,10.0,0.2199999988079071
1768670548.4701278,0.007277727127075195,9.0,0.2199999988079071
1768670548.5339918,0.06386399269104004,9.0,0.2199999988079071
1768670548.5348747,0.0008828639984130859,9.0,0.2199999988079071
1768670548.5742705,0.039395809173583984,9.0,0.2199999988079071
1768670548.6073337,0.03306317329406738,9.0,0.2199999988079071
1768670548.756456,0.1491222381591797,9.0,0.2199999988079071
1768670548.7571878,0.0007319450378417969,9.0,0.2199999988079071
1768670548.7580278,0.0008399486541748047,9.0,0.2199999988079071
1768670548.7584417,0.0004138946533203125,9.0,0.2199999988079071
1768670548.7593079,0.0008661746978759766,9.0,0.2199999988079071
1768670548.7596276,0.0003197193145751953,9.0,0.2199999988079071
1768670548.7934606,0.03383302688598633,9.0,0.2199999988079071
1768670548.7963839,0.002923250198364258,9.0,0.2199999988079071
1768670548.8558655,0.05948162078857422,9.0,0.2199999988079071
1768670548.8582933,0.002427816390991211,8.0,0.2199999988079071
1768670548.9110305,0.05273723602294922,8.0,0.2199999988079071
1768670548.9215477,0.010517120361328125,8.0,0.2199999988079071
1768670548.9869444,0.06539678573608398,8.0,0.23999999463558197
1768670548.988556,0.001611471176147461,7.0,0.23999999463558197
1768670549.0146947,0.026138782501220703,7.0,0.23999999463558197
1768670549.0160913,0.0013966560363769531,7.0,0.23999999463558197
1768670549.0604799,0.044388532638549805,7.0,0.23999999463558197
1768670549.0616164,0.0011365413665771484,7.0,0.23999999463558197
1768670549.1020696,0.040453195571899414,7.0,0.23999999463558197
1768670549.1074371,0.0053675174713134766,7.0,0.23999999463558197
1768670549.123693,0.016255855560302734,7.0,0.23999999463558197
1768670549.1245863,0.0008933544158935547,7.0,0.23999999463558197
1768670549.1445568,0.019970417022705078,7.0,0.23000000417232513
1768670549.1455867,0.00102996826171875,8.0,0.23000000417232513
1768670549.1784394,0.0328526496887207,8.0,0.23000000417232513
1768670549.178889,0.0004496574401855469,8.0,0.23000000417232513
1768670549.213498,0.034609079360961914,8.0,0.23000000417232513
1768670549.2143853,0.0008871555328369141,8.0,0.23000000417232513
1768670549.277531,0.06314563751220703,8.0,0.23000000417232513
1768670549.2810278,0.003496885299682617,8.0,0.23000000417232513
1768670549.3210258,0.03999805450439453,8.0,0.23000000417232513
1768670549.3215601,0.0005342960357666016,8.0,0.2199999988079071
1768670549.3529158,0.03135561943054199,8.0,0.2199999988079071
1768670549.356303,0.0033872127532958984,8.0,0.2199999988079071
1768670549.379586,0.023283004760742188,8.0,0.2199999988079071
1768670549.3807633,0.0011773109436035156,8.0,0.2199999988079071
1768670549.4248064,0.04404306411743164,8.0,0.2199999988079071
1768670549.4257548,0.0009484291076660156,8.0,0.2199999988079071
1768670549.4649696,0.0392148494720459,8.0,0.2199999988079071
1768670549.4700642,0.0050945281982421875,8.0,0.2199999988079071
1768670549.4826324,0.012568235397338867,8.0,0.2199999988079071
1768670549.4855769,0.002944469451904297,8.0,0.2199999988079071
1768670549.5358224,0.05024552345275879,8.0,0.20999999344348907
1768670549.5367227,0.0009002685546875,8.0,0.20999999344348907
1768670549.5517225,0.014999866485595703,8.0,0.20999999344348907
1768670549.552947,0.001224517822265625,8.0,0.20999999344348907
1768670549.5825455,0.029598474502563477,8.0,0.20999999344348907
1768670549.5834267,0.000881195068359375,8.0,0.20999999344348907
1768670549.628994,0.04556727409362793,8.0,0.23000000417232513
1768670549.6324887,0.003494739532470703,8.0,0.23000000417232513
1768670549.690769,0.058280229568481445,8.0,0.23999999463558197
1768670549.6921172,0.001348257064819336,8.0,0.23999999463558197
1768670549.7223861,0.03026890754699707,8.0,0.27000001072883606
1768670549.7234871,0.0011010169982910156,9.0,0.27000001072883606
1768670549.7652361,0.041749000549316406,9.0,0.36000001430511475
1768670549.7755497,0.01031351089477539,9.0,0.36000001430511475
1768670549.7951431,0.019593477249145508,9.0,0.36000001430511475
1768670549.7962718,0.0011286735534667969,9.0,0.36000001430511475
1768670549.8111763,0.014904499053955078,9.0,0.5099999904632568
1768670549.8121216,0.0009453296661376953,2.0,0.5099999904632568
1768670549.8537612,0.04163956642150879,2.0,0.5899999737739563
1768670549.8663616,0.012600421905517578,2.0,0.5899999737739563
1768670549.9002743,0.03391265869140625,2.0,0.5899999737739563
1768670549.90563,0.0053558349609375,2.0,0.5899999737739563
1768670549.9403133,0.0346832275390625,2.0,0.5
1768670549.94505,0.004736661911010742,1.0,0.5
1768670549.9656513,0.020601272583007812,1.0,0.6200000047683716
1768670550.0047169,0.03906559944152832,1.0,0.49000000953674316
1768670550.0058818,0.0011649131774902344,0.0,0.49000000953674316
1768670550.0312269,0.0253450870513916,0.0,0.49000000953674316
1768670550.0328522,0.0016252994537353516,-2.0,0.49000000953674316
1768670550.06561,0.03275775909423828,-2.0,0.4699999988079071
1768670550.0674198,0.001809835433959961,-2.0,0.4699999988079071
1768670550.0917668,0.02434706687927246,-2.0,0.47999998927116394
1768670550.0934637,0.0016968250274658203,-3.0,0.47999998927116394
1768670550.1127365,0.019272804260253906,-3.0,0.47999998927116394
1768670550.1166573,0.003920793533325195,-5.0,0.47999998927116394
1768670550.1456869,0.02902960777282715,-5.0,0.5099999904632568
1768670550.1483939,0.0027070045471191406,-6.0,0.5099999904632568
1768670550.178162,0.02976822853088379,-6.0,0.49000000953674316
1768670550.1790926,0.0009305477142333984,-8.0,0.49000000953674316
1768670550.2159004,0.03680777549743652,-8.0,0.49000000953674316
1768670550.2179048,0.002004384994506836,-9.0,0.49000000953674316
1768670550.2518032,0.033898353576660156,-9.0,0.5099999904632568
1768670550.2534356,0.0016324520111083984,-11.0,0.5099999904632568
1768670550.27824,0.024804353713989258,-11.0,0.5
1768670550.2798939,0.001653909683227539,-13.0,0.5
1768670550.3122911,0.03239727020263672,-14.0,0.5
1768670550.3128624,0.0005712509155273438,-14.0,0.5
1768670550.3501434,0.037281036376953125,-14.0,0.25999999046325684
1768670550.3518662,0.0017228126525878906,-156.0,0.25999999046325684
1768670550.382817,0.03095078468322754,-156.0,0.25999999046325684
1768670550.384444,0.0016269683837890625,-156.0,0.25999999046325684
1768670550.4114273,0.026983261108398438,-156.0,0.27000001072883606
1768670550.4130259,0.0015985965728759766,-156.0,0.27000001072883606
1768670550.4457085,0.03268265724182129,-156.0,0.27000001072883606
1768670550.4474242,0.0017156600952148438,-157.0,0.27000001072883606
1768670550.4793768,0.031952619552612305,-157.0,0.27000001072883606
1768670550.479905,0.0005280971527099609,-157.0,0.27000001072883606
1768670550.5116947,0.03178977966308594,-157.0,0.27000001072883606
1768670550.5130641,0.001369476318359375,-157.0,0.27000001072883606
1768670550.5618868,0.048822641372680664,-157.0,0.27000001072883606
1768670550.5650022,0.003115415573120117,-157.0,0.27000001072883606
1768670550.6234703,0.05846810340881348,-157.0,0.2199999988079071
1768670550.6248014,0.0013310909271240234,-157.0,0.2199999988079071
1768670550.6823182,0.05751681327819824,-157.0,0.27000001072883606
1768670550.686004,0.0036857128143310547,-157.0,0.27000001072883606
1768670550.7480795,0.06207561492919922,-156.0,0.27000001072883606
1768670550.7485723,0.0004928112030029297,-156.0,0.27000001072883606
1768670550.805391,0.05681872367858887,-156.0,0.27000001072883606
1768670550.8067837,0.0013926029205322266,-156.0,0.27000001072883606
1768670550.8865325,0.07974886894226074,-156.0,0.27000001072883606
1768670550.8926327,0.006100177764892578,-157.0,0.27000001072883606
1768670550.924,0.03136730194091797,-157.0,0.27000001072883606
1768670550.925331,0.0013310909271240234,-157.0,0.27000001072883606
1768670550.9640262,0.03869509696960449,-157.0,0.27000001072883606
1768670550.9653146,0.0012884140014648438,-157.0,0.27000001072883606
1768670550.9783905,0.013075828552246094,-157.0,0.27000001072883606
1768670550.9797316,0.001341104507446289,-157.0,0.27000001072883606
1768670551.0152204,0.03548884391784668,-157.0,0.27000001072883606
1768670551.0170934,0.001873016357421875,-157.0,0.27000001072883606
1768670551.06837,0.05127668380737305,-157.0,0.27000001072883606
1768670551.0710478,0.0026776790618896484,-157.0,0.27000001072883606
1768670551.08186,0.01081228256225586,-157.0,0.27000001072883606
1768670551.082805,0.0009448528289794922,-157.0,0.27000001072883606
1768670551.1199172,0.03711223602294922,-157.0,0.2800000011920929
1768670551.121387,0.0014698505401611328,-157.0,0.2800000011920929
1768670551.1447518,0.023364782333374023,-157.0,0.25999999046325684
1768670551.1461263,0.0013744831085205078,-157.0,0.25999999046325684
1768670551.1829634,0.036837100982666016,-157.0,0.27000001072883606
1768670551.185007,0.0020437240600585938,-157.0,0.27000001072883606
1768670551.2241642,0.03915715217590332,-157.0,0.25999999046325684
1768670551.2254968,0.0013325214385986328,-157.0,0.25999999046325684
1768670551.247459,0.02196216583251953,-157.0,0.25999999046325684
1768670551.2480044,0.000545501708984375,-157.0,0.25999999046325684
1768670551.2817488,0.03374433517456055,-157.0,0.27000001072883606
1768670551.2834105,0.0016617774963378906,-157.0,0.27000001072883606
1768670551.32346,0.04004955291748047,-157.0,0.27000001072883606
1768670551.3266737,0.003213644027709961,-157.0,0.27000001072883606
1768670551.3661175,0.0394437313079834,-157.0,0.27000001072883606
1768670551.3666246,0.0005071163177490234,-157.0,0.27000001072883606
1768670551.3980155,0.03139090538024902,-157.0,0.27000001072883606
1768670551.399281,0.0012655258178710938,-157.0,0.27000001072883606
1768670551.4177437,0.018462657928466797,-157.0,0.27000001072883606
1768670551.419455,0.0017113685607910156,-157.0,0.27000001072883606
1768670551.4708917,0.051436662673950195,-157.0,0.27000001072883606
1768670551.472211,0.0013191699981689453,-156.0,0.27000001072883606
1768670551.5048058,0.032594919204711914,-156.0,0.27000001072883606
1768670551.5065897,0.0017838478088378906,-156.0,0.27000001072883606
1768670551.5120637,0.005474090576171875,-156.0,0.27000001072883606
1768670551.515885,0.0038213729858398438,-156.0,0.27000001072883606
1768670551.5816212,0.06573605537414551,-156.0,0.27000001072883606
1768670551.583865,0.0022437572479248047,-156.0,0.27000001072883606
1768670551.6258495,0.04198455810546875,-156.0,0.25999999046325684
1768670551.6279237,0.0020742416381835938,-157.0,0.25999999046325684
1768670551.6516895,0.02376580238342285,-157.0,0.25999999046325684
1768670551.659532,0.007842540740966797,-157.0,0.25999999046325684
1768670551.706913,0.047380924224853516,-157.0,0.25
1768670551.7089393,0.0020263195037841797,-157.0,0.25
1768670551.757383,0.04844379425048828,-157.0,0.27000001072883606
1768670551.7586436,0.001260519027709961,-149.0,0.27000001072883606
1768670551.7770193,0.018375635147094727,-149.0,0.25999999046325684
1768670551.779439,0.002419710159301758,-149.0,0.25999999046325684
1768670551.8389983,0.05955934524536133,-149.0,0.25
1768670551.8573391,0.0183408260345459,-149.0,0.25
1768670551.9169967,0.05965757369995117,-149.0,0.25999999046325684
1768670551.9215748,0.004578113555908203,-144.0,0.25999999046325684
1768670551.9444773,0.022902488708496094,-144.0,0.25999999046325684
1768670551.9456394,0.0011620521545410156,-144.0,0.25999999046325684
1768670551.9862795,0.04064011573791504,-144.0,0.25999999046325684
1768670551.9887483,0.0024688243865966797,-144.0,0.25999999046325684
1768670552.0406744,0.0519261360168457,-144.0,0.25999999046325684
1768670552.0416856,0.0010111331939697266,-144.0,0.25999999046325684
1768670552.0682397,0.026554107666015625,-144.0,0.27000001072883606
1768670552.0691562,0.0009164810180664062,-139.0,0.27000001072883606
1768670552.1011403,0.03198409080505371,-139.0,0.27000001072883606
1768670552.1023176,0.0011773109436035156,-139.0,0.27000001072883606
1768670552.1240768,0.0217592716217041,-139.0,0.27000001072883606
1768670552.1249156,0.0008387565612792969,-139.0,0.27000001072883606
1768670552.146618,0.021702289581298828,-139.0,0.27000001072883606
1768670552.1495545,0.0029366016387939453,-139.0,0.27000001072883606
1768670552.1770022,0.02744770050048828,-139.0,0.2800000011920929
1768670552.1780014,0.0009992122650146484,-106.0,0.2800000011920929
1768670552.2467399,0.06873846054077148,-106.0,0.2800000011920929
1768670552.2488866,0.0021467208862304688,-106.0,0.2800000011920929
1768670552.2945886,0.04570198059082031,-106.0,0.27000001072883606
1768670552.2962818,0.0016932487487792969,-106.0,0.27000001072883606
1768670552.3483212,0.052039384841918945,-106.0,0.27000001072883606
1768670552.351572,0.0032508373260498047,-106.0,0.27000001072883606
1768670552.3985379,0.046965837478637695,-106.0,0.2800000011920929
1768670552.4050398,0.006501913070678711,-106.0,0.2800000011920929
1768670552.4618542,0.05681443214416504,-106.0,0.27000001072883606
1768670552.4650226,0.003168344497680664,-106.0,0.27000001072883606
1768670552.4979215,0.032898902893066406,-106.0,0.27000001072883606
1768670552.5018651,0.003943681716918945,-106.0,0.27000001072883606
1768670552.554544,0.052678823471069336,-106.0,0.27000001072883606
1768670552.559501,0.004956960678100586,-101.0,0.27000001072883606
1768670552.6119645,0.052463531494140625,-101.0,0.27000001072883606
1768670552.6139042,0.0019397735595703125,-101.0,0.27000001072883606
1768670552.6479084,0.03400421142578125,-101.0,0.2800000011920929
1768670552.6487923,0.0008838176727294922,-95.0,0.2800000011920929
1768670552.701548,0.05275583267211914,-95.0,0.2800000011920929
1768670552.7053626,0.0038144588470458984,-95.0,0.2800000011920929
1768670552.7614956,0.05613303184509277,-95.0,0.28999999165534973
1768670552.79031,0.028814315795898438,-95.0,0.28999999165534973
1768670552.8404906,0.050180673599243164,-95.0,0.28999999165534973
1768670552.8429077,0.0024170875549316406,-91.0,0.28999999165534973
1768670552.8845093,0.04160165786743164,-91.0,0.2800000011920929
1768670552.8853903,0.0008809566497802734,-87.0,0.2800000011920929
1768670552.9116697,0.026279449462890625,-75.0,0.2800000011920929
1768670552.912125,0.0004553794860839844,-75.0,0.28999999165534973
1768670552.9458895,0.03376436233520508,-75.0,0.28999999165534973
1768670552.9468064,0.0009169578552246094,-75.0,0.28999999165534973
1768670552.9860353,0.03922891616821289,-75.0,0.28999999165534973
1768670552.9865172,0.0004818439483642578,-75.0,0.28999999165534973
1768670553.0168753,0.030358076095581055,-75.0,0.2800000011920929
1768670553.0180411,0.0011658668518066406,-62.0,0.2800000011920929
1768670553.0672588,0.04921770095825195,-62.0,0.2800000011920929
1768670553.0709476,0.003688812255859375,-62.0,0.2800000011920929
1768670553.0990543,0.028106689453125,-62.0,0.2800000011920929
1768670553.10042,0.00136566162109375,-62.0,0.2800000011920929
1768670553.121585,0.021164894104003906,-62.0,0.2800000011920929
1768670553.1229682,0.0013833045959472656,-62.0,0.2800000011920929
1768670553.1570725,0.034104347229003906,-62.0,0.27000001072883606
1768670553.1584222,0.0013496875762939453,-62.0,0.27000001072883606
1768670553.1835537,0.0251314640045166,-62.0,0.27000001072883606
1768670553.185243,0.0016891956329345703,-60.0,0.27000001072883606
1768670553.2238069,0.03856396675109863,-60.0,0.27000001072883606
1768670553.2250085,0.001201629638671875,-60.0,0.27000001072883606
1768670553.2880898,0.06308126449584961,-60.0,0.27000001072883606
1768670553.2894576,0.001367807388305664,-60.0,0.27000001072883606
1768670553.3492827,0.05982518196105957,-60.0,0.27000001072883606
1768670553.3505588,0.0012760162353515625,-58.0,0.27000001072883606
1768670553.3890898,0.03853106498718262,-58.0,0.2800000011920929
1768670553.3904793,0.0013895034790039062,-58.0,0.2800000011920929
1768670553.4473808,0.05690145492553711,-58.0,0.27000001072883606
1768670553.4495451,0.0021643638610839844,-58.0,0.27000001072883606
1768670553.534345,0.08479976654052734,-58.0,0.27000001072883606
1768670553.5355692,0.0012242794036865234,-48.0,0.27000001072883606
1768670553.5750206,0.03945136070251465,-48.0,0.27000001072883606
1768670553.5789874,0.003966808319091797,-47.0,0.27000001072883606
1768670553.6110873,0.03209996223449707,-47.0,0.27000001072883606
1768670553.7574348,0.1463475227355957,-47.0,0.27000001072883606
1768670553.7579713,0.0005364418029785156,-47.0,0.27000001072883606
1768670553.758644,0.0006728172302246094,-47.0,0.27000001072883606
1768670553.7590735,0.00042939186096191406,-47.0,0.27000001072883606
1768670553.8237543,0.06468081474304199,-47.0,0.25999999046325684
1768670553.8340955,0.010341167449951172,-47.0,0.25999999046325684
1768670553.8839602,0.049864768981933594,-47.0,0.27000001072883606
1768670553.8935328,0.009572505950927734,-47.0,0.27000001072883606
1768670553.9247534,0.031220674514770508,-47.0,0.27000001072883606
1768670553.925355,0.0006015300750732422,-47.0,0.27000001072883606
1768670553.9653897,0.04003477096557617,-47.0,0.27000001072883606
1768670553.9662158,0.0008261203765869141,-47.0,0.27000001072883606
1768670554.0008655,0.03464961051940918,-47.0,0.27000001072883606
1768670554.0065167,0.005651235580444336,-47.0,0.27000001072883606
1768670554.0420809,0.03556418418884277,-47.0,0.27000001072883606
1768670554.0441484,0.00206756591796875,-47.0,0.27000001072883606
1768670554.0718198,0.027671337127685547,-47.0,0.2800000011920929
1768670554.0863118,0.014492034912109375,-47.0,0.27000001072883606
1768670554.0873265,0.00101470947265625,-26.0,0.27000001072883606
1768670554.133865,0.046538591384887695,-26.0,0.27000001072883606
1768670554.135055,0.0011899471282958984,-26.0,0.27000001072883606
1768670554.152438,0.01738286018371582,-26.0,0.27000001072883606
1768670554.1534684,0.0010304450988769531,-14.0,0.27000001072883606
1768670554.2001474,0.046679019927978516,-14.0,0.27000001072883606
1768670554.2017488,0.0016014575958251953,-14.0,0.27000001072883606
1768670554.2370853,0.03533649444580078,-14.0,0.2800000011920929
1768670554.238677,0.0015916824340820312,-14.0,0.2800000011920929
1768670554.2847893,0.0461122989654541,-14.0,0.2800000011920929
1768670554.285791,0.001001596450805664,-6.0,0.2800000011920929
1768670554.33373,0.04793906211853027,-6.0,0.2800000011920929
1768670554.334685,0.0009551048278808594,-6.0,0.2800000011920929
1768670554.4132576,0.07857251167297363,-6.0,0.2800000011920929
1768670554.4144137,0.0011560916900634766,-6.0,0.2800000011920929
1768670554.4770284,0.06261467933654785,-6.0,0.2800000011920929
1768670554.4779537,0.0009253025054931641,14.0,0.2800000011920929
1768670554.531625,0.05367136001586914,14.0,0.2800000011920929
1768670554.5359244,0.0042994022369384766,23.0,0.2800000011920929
1768670554.5711892,0.03526473045349121,23.0,0.2800000011920929
1768670554.5843198,0.013130664825439453,23.0,0.2800000011920929
1768670554.5969996,0.012679815292358398,23.0,0.2800000011920929
1768670554.5996954,0.002695798873901367,23.0,0.2800000011920929
1768670554.6164613,0.016765832901000977,23.0,0.2800000011920929
1768670554.6191733,0.0027120113372802734,30.0,0.2800000011920929
1768670554.6538408,0.0346674919128418,30.0,0.2800000011920929
1768670554.6547797,0.0009388923645019531,30.0,0.2800000011920929
1768670554.6897523,0.0349726676940918,30.0,0.2800000011920929
1768670554.6906652,0.0009129047393798828,30.0,0.2800000011920929
1768670554.7409372,0.05027198791503906,30.0,0.2800000011920929
1768670554.7424893,0.0015521049499511719,30.0,0.2800000011920929
1768670554.784795,0.042305707931518555,30.0,0.2800000011920929
1768670554.7858896,0.0010945796966552734,30.0,0.2800000011920929
1768670554.8539615,0.06807184219360352,30.0,0.27000001072883606
1768670554.8549347,0.0009732246398925781,37.0,0.27000001072883606
1768670554.89702,0.04208540916442871,37.0,0.27000001072883606
1768670554.8982408,0.001220703125,37.0,0.27000001072883606
1768670554.9190228,0.020781993865966797,37.0,0.2800000011920929
1768670554.920106,0.0010831356048583984,37.0,0.2800000011920929
1768670554.9737854,0.053679466247558594,37.0,0.2800000011920929
1768670554.974654,0.0008685588836669922,37.0,0.2800000011920929
1768670554.9980757,0.023421764373779297,37.0,0.2800000011920929
1768670554.9992485,0.001172780990600586,37.0,0.2800000011920929
1768670555.0450969,0.04584836959838867,37.0,0.2800000011920929
1768670555.0460382,0.0009412765502929688,37.0,0.2800000011920929
1768670555.0783796,0.03234148025512695,37.0,0.27000001072883606
1768670555.0792553,0.0008757114410400391,47.0,0.27000001072883606
1768670555.1109686,0.031713247299194336,47.0,0.27000001072883606
1768670555.1118913,0.0009226799011230469,47.0,0.27000001072883606
1768670555.1500995,0.0382082462310791,47.0,0.27000001072883606
1768670555.1506057,0.0005061626434326172,47.0,0.27000001072883606
1768670555.1864707,0.035865068435668945,47.0,0.27000001072883606
1768670555.1873407,0.0008699893951416016,47.0,0.27000001072883606
1768670555.2151911,0.02785038948059082,47.0,0.2800000011920929
1768670555.2169497,0.001758575439453125,47.0,0.2800000011920929
1768670555.273655,0.05670523643493652,46.0,0.2800000011920929
1768670555.2741249,0.0004699230194091797,46.0,0.2800000011920929
1768670555.3190057,0.04488086700439453,46.0,0.2800000011920929
1768670555.3198867,0.0008809566497802734,46.0,0.2800000011920929
1768670555.34828,0.028393268585205078,46.0,0.2800000011920929
1768670555.3500485,0.0017685890197753906,46.0,0.2800000011920929
1768670555.3941383,0.04408979415893555,46.0,0.2800000011920929
1768670555.3957157,0.0015773773193359375,46.0,0.2800000011920929
1768670555.445069,0.04935336112976074,46.0,0.2800000011920929
1768670555.4459608,0.0008916854858398438,47.0,0.2800000011920929
1768670555.4937813,0.0478205680847168,47.0,0.2800000011920929
1768670555.4946928,0.0009114742279052734,47.0,0.2800000011920929
1768670555.527326,0.032633304595947266,47.0,0.2800000011920929
1768670555.5380228,0.010696649551391602,47.0,0.2800000011920929
1768670555.5979748,0.0599520206451416,47.0,0.2800000011920929
1768670555.5985,0.0005252361297607422,47.0,0.27000001072883606
1768670555.6535525,0.05505251884460449,47.0,0.2800000011920929
1768670555.6560693,0.0025167465209960938,46.0,0.2800000011920929
1768670555.6959476,0.03987836837768555,46.0,0.2800000011920929
1768670555.6975322,0.0015845298767089844,46.0,0.2800000011920929
1768670555.7461336,0.048601388931274414,46.0,0.2800000011920929
1768670555.7470772,0.0009436607360839844,46.0,0.2800000011920929
1768670555.7748353,0.027758121490478516,46.0,0.2800000011920929
1768670555.778811,0.003975629806518555,46.0,0.28999999165534973
1768670555.779655,0.0008440017700195312,46.0,0.28999999165534973
1768670555.8136783,0.034023284912109375,46.0,0.28999999165534973
1768670555.8142169,0.0005385875701904297,46.0,0.28999999165534973
1768670555.8480563,0.03383946418762207,46.0,0.28999999165534973
1768670555.8485816,0.0005252361297607422,46.0,0.28999999165534973
1768670555.8812234,0.03264188766479492,46.0,0.28999999165534973
1768670555.8822436,0.001020193099975586,46.0,0.28999999165534973
1768670555.9156463,0.03340268135070801,46.0,0.28999999165534973
1768670555.916516,0.0008697509765625,46.0,0.28999999165534973
1768670555.9680781,0.05156207084655762,46.0,0.28999999165534973
1768670555.9739137,0.005835533142089844,46.0,0.28999999165534973
1768670556.0329962,0.0590825080871582,46.0,0.2800000011920929
1768670556.0339866,0.0009903907775878906,36.0,0.2800000011920929
1768670556.075413,0.04142642021179199,36.0,0.2800000011920929
1768670556.0762947,0.0008816719055175781,36.0,0.2800000011920929
1768670556.114901,0.03860640525817871,36.0,0.2800000011920929
1768670556.1157956,0.0008945465087890625,36.0,0.2800000011920929
1768670556.1999166,0.0841209888458252,36.0,0.27000001072883606
1768670556.2008893,0.000972747802734375,31.0,0.27000001072883606
1768670556.250223,0.04933357238769531,31.0,0.2800000011920929
1768670556.252256,0.0020329952239990234,30.0,0.2800000011920929
1768670556.2945971,0.04234123229980469,30.0,0.2800000011920929
1768670556.2980807,0.0034835338592529297,30.0,0.2800000011920929
1768670556.3361166,0.03803586959838867,30.0,0.2800000011920929
1768670556.3381147,0.0019981861114501953,30.0,0.2800000011920929
1768670556.384048,0.04593324661254883,30.0,0.2800000011920929
1768670556.3863761,0.002328157424926758,29.0,0.2800000011920929
1768670556.4309177,0.04454159736633301,29.0,0.2800000011920929
1768670556.4328668,0.0019490718841552734,29.0,0.2800000011920929
1768670556.4722533,0.03938651084899902,29.0,0.2800000011920929
1768670556.4759755,0.0037221908569335938,29.0,0.2800000011920929
1768670556.5423875,0.06641197204589844,29.0,0.2800000011920929
1768670556.5444794,0.0020918846130371094,28.0,0.2800000011920929
1768670556.6120784,0.06759905815124512,28.0,0.2800000011920929
1768670556.6154819,0.0034034252166748047,28.0,0.2800000011920929
1768670556.6606839,0.045202016830444336,28.0,0.2800000011920929
1768670556.6617448,0.0010609626770019531,28.0,0.2800000011920929
1768670556.7267456,0.06500077247619629,28.0,0.2800000011920929
1768670556.7276406,0.0008950233459472656,28.0,0.2800000011920929
1768670556.7447631,0.017122507095336914,28.0,0.2800000011920929
1768670556.7456255,0.0008623600006103516,28.0,0.2800000011920929
1768670556.8061142,0.06048870086669922,28.0,0.2800000011920929
1768670556.8067963,0.0006821155548095703,28.0,0.2800000011920929
1768670556.8360817,0.029285430908203125,28.0,0.2800000011920929
1768670556.8476307,0.011548995971679688,28.0,0.2800000011920929
1768670556.8827012,0.03507041931152344,28.0,0.2800000011920929
1768670556.883578,0.0008769035339355469,28.0,0.2800000011920929
1768670556.9446874,0.061109304428100586,28.0,0.2800000011920929
1768670556.945673,0.0009856224060058594,28.0,0.2800000011920929
1768670556.9727218,0.027048826217651367,28.0,0.2800000011920929
1768670556.9795241,0.00680232048034668,28.0,0.2800000011920929
1768670556.9888313,0.009307146072387695,28.0,0.2800000011920929
1768670557.026489,0.037657737731933594,28.0,0.2800000011920929
1768670557.031698,0.0052089691162109375,28.0,0.2800000011920929
1768670557.0548747,0.02317667007446289,28.0,0.2800000011920929
1768670557.0673518,0.01247715950012207,28.0,0.2800000011920929
1768670557.1155398,0.048187971115112305,28.0,0.2800000011920929
1768670557.1235824,0.008042573928833008,28.0,0.2800000011920929
1768670557.1546857,0.03110337257385254,28.0,0.2800000011920929
1768670557.1557794,0.0010936260223388672,26.0,0.2800000011920929
1768670557.1901302,0.03435087203979492,25.0,0.2800000011920929
1768670557.1906247,0.0004944801330566406,25.0,0.2800000011920929
1768670557.2318685,0.041243791580200195,25.0,0.2800000011920929
1768670557.2323463,0.00047779083251953125,25.0,0.2800000011920929
1768670557.2561247,0.023778438568115234,25.0,0.2800000011920929
1768670557.2598398,0.003715038299560547,24.0,0.2800000011920929
1768670557.298854,0.039014339447021484,24.0,0.27000001072883606
1768670557.3015506,0.002696514129638672,24.0,0.27000001072883606
1768670557.3330045,0.031453847885131836,24.0,0.27000001072883606
1768670557.3473618,0.014357328414916992,21.0,0.27000001072883606
1768670557.3976488,0.05028700828552246,21.0,0.2800000011920929
1768670557.40494,0.007291078567504883,23.0,0.2800000011920929
1768670557.4584944,0.053554534912109375,23.0,0.2800000011920929
1768670557.4593885,0.0008940696716308594,23.0,0.2800000011920929
1768670557.5065079,0.0471193790435791,23.0,0.27000001072883606
1768670557.5097156,0.003207683563232422,23.0,0.27000001072883606
1768670557.5696907,0.05997514724731445,23.0,0.27000001072883606
1768670557.579422,0.009731292724609375,23.0,0.27000001072883606
1768670557.6081667,0.02874469757080078,23.0,0.27000001072883606
1768670557.6093335,0.0011668205261230469,23.0,0.27000001072883606
1768670557.6392298,0.029896259307861328,23.0,0.27000001072883606
1768670557.6403844,0.0011546611785888672,23.0,0.27000001072883606
1768670557.6760871,0.03570270538330078,23.0,0.27000001072883606
1768670557.6879299,0.011842727661132812,23.0,0.27000001072883606
1768670557.7350419,0.04711198806762695,23.0,0.27000001072883606
1768670557.735898,0.0008561611175537109,23.0,0.27000001072883606
1768670557.7898517,0.05395364761352539,23.0,0.27000001072883606
1768670557.7904441,0.0005924701690673828,23.0,0.27000001072883606
1768670557.816332,0.02588796615600586,23.0,0.27000001072883606
1768670557.8178728,0.0015406608581542969,23.0,0.27000001072883606
1768670557.8477583,0.029885530471801758,23.0,0.27000001072883606
1768670557.8598623,0.012104034423828125,23.0,0.27000001072883606
1768670557.8830106,0.023148298263549805,23.0,0.27000001072883606
1768670557.8835056,0.0004949569702148438,23.0,0.27000001072883606
1768670557.9190192,0.03551363945007324,23.0,0.27000001072883606
1768670557.9198923,0.0008730888366699219,23.0,0.27000001072883606
1768670557.9446015,0.024709224700927734,23.0,0.27000001072883606
1768670557.9455032,0.0009016990661621094,23.0,0.27000001072883606
1768670557.9927814,0.04727816581726074,23.0,0.27000001072883606
1768670557.9937513,0.0009698867797851562,23.0,0.27000001072883606
1768670558.0339167,0.04016542434692383,23.0,0.27000001072883606
1768670558.0368187,0.0029020309448242188,23.0,0.27000001072883606
1768670558.078955,0.042136192321777344,23.0,0.27000001072883606
1768670558.0809753,0.0020203590393066406,23.0,0.27000001072883606
1768670558.1282487,0.04727339744567871,23.0,0.27000001072883606
1768670558.1303258,0.0020771026611328125,23.0,0.27000001072883606
1768670558.1827674,0.05244159698486328,23.0,0.27000001072883606
1768670558.1861794,0.003412008285522461,23.0,0.27000001072883606
1768670558.2538264,0.06764698028564453,23.0,0.27000001072883606
1768670558.257081,0.0032546520233154297,23.0,0.27000001072883606
1768670558.298581,0.04149985313415527,23.0,0.27000001072883606
1768670558.3031454,0.004564523696899414,23.0,0.27000001072883606
1768670558.3577054,0.054559946060180664,23.0,0.2800000011920929
1768670558.358543,0.0008375644683837891,23.0,0.2800000011920929
1768670558.3807971,0.022254228591918945,23.0,0.27000001072883606
1768670558.38175,0.0009529590606689453,23.0,0.27000001072883606
1768670558.415868,0.034117937088012695,23.0,0.2800000011920929
1768670558.417233,0.0013649463653564453,23.0,0.2800000011920929
1768670558.458277,0.041043996810913086,23.0,0.2800000011920929
1768670558.463943,0.005666017532348633,23.0,0.2800000011920929
1768670558.4913735,0.02743053436279297,23.0,0.2800000011920929
1768670558.4933345,0.0019609928131103516,23.0,0.2800000011920929
1768670558.5377462,0.044411659240722656,23.0,0.27000001072883606
1768670558.539047,0.001300811767578125,23.0,0.27000001072883606
1768670558.58937,0.0503230094909668,23.0,0.27000001072883606
1768670558.5906126,0.0012426376342773438,23.0,0.27000001072883606
1768670558.5958416,0.005228996276855469,23.0,0.27000001072883606
1768670558.6692104,0.07336878776550293,23.0,0.27000001072883606
1768670558.8148642,0.14565372467041016,22.0,0.27000001072883606
1768670558.81537,0.0005059242248535156,22.0,0.27000001072883606
1768670558.8163009,0.0009307861328125,22.0,0.27000001072883606
1768670558.8166585,0.00035762786865234375,22.0,0.2800000011920929
1768670558.8173301,0.0006716251373291016,22.0,0.2800000011920929
1768670558.8176224,0.0002923011779785156,22.0,0.27000001072883606
1768670558.8183038,0.0006814002990722656,22.0,0.27000001072883606
1768670558.8186655,0.0003616809844970703,22.0,0.27000001072883606
1768670558.819284,0.0006184577941894531,22.0,0.27000001072883606
1768670558.8717601,0.05247616767883301,22.0,0.27000001072883606
1768670558.8726273,0.0008671283721923828,22.0,0.27000001072883606
1768670558.9191222,0.04649496078491211,23.0,0.27000001072883606
1768670558.9195719,0.0004496574401855469,23.0,0.27000001072883606
1768670558.9607348,0.041162967681884766,23.0,0.27000001072883606
1768670558.9616938,0.0009589195251464844,23.0,0.27000001072883606
1768670558.9830248,0.021331071853637695,23.0,0.27000001072883606
1768670558.9838724,0.0008475780487060547,23.0,0.27000001072883606
1768670559.0183227,0.03445029258728027,23.0,0.27000001072883606
1768670559.0191722,0.0008494853973388672,23.0,0.27000001072883606
1768670559.0460756,0.026903390884399414,23.0,0.27000001072883606
1768670559.0465562,0.00048065185546875,23.0,0.27000001072883606
1768670559.087998,0.04144167900085449,23.0,0.27000001072883606
1768670559.0897384,0.0017404556274414062,23.0,0.27000001072883606
1768670559.135935,0.046196699142456055,23.0,0.27000001072883606
1768670559.1368127,0.0008776187896728516,23.0,0.27000001072883606
1768670559.169428,0.03261542320251465,23.0,0.27000001072883606
1768670559.1754448,0.006016731262207031,23.0,0.27000001072883606
1768670559.197415,0.021970272064208984,23.0,0.27000001072883606
1768670559.1989565,0.0015413761138916016,23.0,0.27000001072883606
1768670559.2391646,0.04020810127258301,23.0,0.27000001072883606
1768670559.240337,0.0011723041534423828,23.0,0.27000001072883606
1768670559.2962105,0.05587363243103027,23.0,0.27000001072883606
1768670559.297016,0.0008053779602050781,23.0,0.27000001072883606
1768670559.310349,0.01333308219909668,23.0,0.27000001072883606
1768670559.3117664,0.001417398452758789,23.0,0.27000001072883606
1768670559.3692772,0.0575108528137207,23.0,0.27000001072883606
1768670559.3702974,0.001020193099975586,23.0,0.27000001072883606
1768670559.3947227,0.024425268173217773,23.0,0.27000001072883606
1768670559.3952355,0.0005128383636474609,23.0,0.27000001072883606
1768670559.4653287,0.07009315490722656,23.0,0.27000001072883606
1768670559.4670184,0.0016896724700927734,23.0,0.27000001072883606
1768670559.5142522,0.04723381996154785,23.0,0.27000001072883606
1768670559.5195646,0.005312442779541016,23.0,0.27000001072883606
1768670559.5541787,0.03461408615112305,23.0,0.27000001072883606
1768670559.5551906,0.0010118484497070312,23.0,0.27000001072883606
1768670559.6217012,0.06651067733764648,23.0,0.27000001072883606
1768670559.6258762,0.004174947738647461,22.0,0.27000001072883606
1768670559.6517012,0.025825023651123047,22.0,0.27000001072883606
1768670559.6657443,0.014043092727661133,23.0,0.27000001072883606
1768670559.7118428,0.04609847068786621,23.0,0.27000001072883606
1768670559.713807,0.0019643306732177734,23.0,0.27000001072883606
1768670559.7773979,0.06359076499938965,23.0,0.27000001072883606
1768670559.778296,0.0008981227874755859,23.0,0.27000001072883606
1768670559.817393,0.03909707069396973,23.0,0.27000001072883606
1768670559.8182662,0.0008730888366699219,23.0,0.27000001072883606
1768670559.8434668,0.025200605392456055,23.0,0.27000001072883606
1768670559.8442206,0.0007538795471191406,23.0,0.27000001072883606
